December 2018:  Regularly Scheduled Flights Canceled 5% or More  ,,,,
,,,,
,,,,
Row Number,,,Origin,Destination
1,,,ATL,CLT
2,,,SAN,SFO
3,,,RIC,EWR
4,,,PNS,IAH
5,,,LAN,ORD
6,,,EWR,BNA
7,,,ORD,LAN
8,,,BNA,EWR
9,,,GRI,DFW
10,,,SFB,AVL
11,,,MSP,FAR
12,,,DEN,FAR
13,,,FAR,MSP
14,,,GJT,ASE
15,,,ASE,SLC
16,,,LAX,ASE
17,,,ASE,MSP
18,,,CLT,MDT
19,,,BUR,SEA
20,,,SFO,ORD
21,,,SFO,LAX
22,,,SFO,SAN
23,,,CMH,BWI
24,,,CHS,BWI
25,,,SAN,SFO
26,,,TPA,ATL
27,,,BWI,MDW
28,,,BWI,CHS
29,,,LAX,SFO
30,,,OAK,PHX
31,,,OAK,LAX
32,,,DAL,HOU
33,,,SAN,LAS
34,,,OKC,IAH
35,,,DCA,LGA
36,,,RDU,EWR
37,,,LGA,DCA
38,,,DUT,ANC
39,,,ANC,DUT
40,,,DFW,SHV
41,,,SHV,DFW
42,,,BNA,CLT
43,,,CHS,EWR
44,,,SDF,ORD
45,,,RDU,MDW
46,,,CLT,MDW
47,,,IAD,RDU
48,,,SJC,BUR
49,,,BUR,SJC
50,,,DUT,ANC
51,,,ATL,BTR
52,,,BTR,ATL
53,,,BNA,CLT
54,,,BNA,CLT
55,,,DCA,STL
56,,,DCA,LAN
57,,,LAN,DCA
58,,,LEX,EWR
59,,,EWR,LEX
60,,,EWR,RIC
61,,,FAR,MSP
62,,,EWR,DCA
63,,,EWR,BOS
64,,,BOS,EWR
65,,,MFE,IAH
66,,,IAH,GSP
67,,,EWR,MKE
68,,,IAH,MFE
69,,,BHM,IAH
70,,,MSP,FAR
71,,,FAR,MSP
72,,,DUT,ANC
73,,,CHS,CLT
74,,,CLT,CHS
75,,,CLT,CHS
76,,,CHS,CLT
77,,,ORD,ALB
78,,,SUN,ORD
79,,,DEN,RAP
80,,,ORD,CLT
81,,,CLT,CHA
82,,,CHA,CLT
83,,,EWR,SAV
84,,,SAV,EWR
85,,,MDW,DEN
86,,,DAL,HOU
87,,,BWI,OAK
88,,,MDW,HOU
89,,,ABQ,MDW
90,,,DEN,MCI
91,,,HOU,DAL
92,,,ATL,SAN
93,,,ABQ,DEN
94,,,LAX,OAK
95,,,DAL,PHX
96,,,BWI,PHX
97,,,DAL,HOU
98,,,PHX,MDW
99,,,ATL,DAL
100,,,LAS,IND
101,,,PHL,MCO
102,,,MDW,DCA
103,,,HOU,MCO
104,,,OAK,SNA
105,,,DEN,BWI
106,,,MCI,PHX
107,,,HOU,PHX
108,,,SAN,OAK
109,,,LAX,ELP
110,,,DAL,ATL
111,,,MDW,ATL
112,,,MDW,OAK
113,,,HOU,SAN
114,,,PHX,DEN
115,,,MSY,HOU
116,,,MCO,BWI
117,,,DAL,LAS
118,,,MCO,HOU
119,,,SAN,ATL
120,,,ATL,MCO
121,,,MCO,ATL
122,,,DCA,MDW
123,,,DEN,ABQ
124,,,OAK,LAX
125,,,RDU,IAD
126,,,OKC,DFW
127,,,EWR,SYR
128,,,IND,CLT
129,,,DFW,BTR
130,,,BTR,DFW
131,,,DFW,MKE
132,,,SFO,LAX
133,,,DFW,SAF
134,,,SAF,DFW
135,,,DFW,LRD
136,,,LRD,DFW
137,,,MKE,DFW
138,,,ANC,DUT
139,,,ORD,RST
140,,,RST,ORD
141,,,MKE,DFW
142,,,DFW,MKE
143,,,PIT,EWR
144,,,IAH,LFT
145,,,CVG,EWR
146,,,LAX,SFO
147,,,PHL,RDU
148,,,RDU,CVG
149,,,CVG,RDU
150,,,RDU,PHL
151,,,CLT,RDU
152,,,MSY,CLT
153,,,MCI,CLT
154,,,CLT,IAH
155,,,BDL,CLT
156,,,FLL,CLT
157,,,RDU,CLT
158,,,CLT,MCI
159,,,RIC,CLT
160,,,CLT,RSW
161,,,RSW,CLT
162,,,CLT,FLL
163,,,CLT,BDL
164,,,EWR,CHS
165,,,CHS,EWR
166,,,AVL,ATL
167,,,MSN,ORD
168,,,BNA,EWR
169,,,IAD,SDF
170,,,ORD,MSN
171,,,RDU,EWR
172,,,BOS,RDU
173,,,EWR,RDU
174,,,MCO,RDU
175,,,DUT,ANC
176,,,AZO,ORD
177,,,LGA,RIC
178,,,ORD,RST
179,,,RST,ORD
180,,,LGA,ORF
181,,,CLT,AVL
182,,,AVL,CLT
183,,,CHO,CLT
184,,,MCI,CLT
185,,,DAY,CLT
186,,,CLT,RIC
187,,,RIC,CLT
188,,,PIT,CLT
189,,,CLT,PIT
190,,,CLT,MSY
191,,,MSY,CLT
192,,,CLT,SAV
193,,,SAV,CLT
194,,,BDL,CLT
195,,,CLT,MSY
196,,,MSY,CLT
197,,,IND,CLT
198,,,ROC,CLT
199,,,AGS,CLT
200,,,RDU,EWR
201,,,MSP,GFK
202,,,MOT,MSP
203,,,ALB,ORD
204,,,DCA,RDU
205,,,MSP,RST
206,,,ERI,DTW
207,,,TVC,ORD
208,,,RAP,MSP
209,,,SLC,ASE
210,,,MOT,MSP
211,,,ORD,TVC
212,,,RDU,DCA
213,,,MOT,MSP
214,,,FLO,CLT
215,,,CHO,CLT
216,,,CLT,OAJ
217,,,PHF,CLT
218,,,PHF,CLT
219,,,OAJ,CLT
220,,,RIC,DEN
221,,,LAX,OAK
222,,,RDU,FLL
223,,,TPA,RDU
224,,,MDW,DCA
225,,,ATL,HOU
226,,,BNA,ATL
227,,,TPA,ATL
228,,,LAS,MDW
229,,,MDW,DCA
230,,,ATL,PHX
231,,,MCO,ATL
232,,,RDU,BWI
233,,,ATL,CLE
234,,,TPA,ATL
235,,,STL,RDU
236,,,RDU,BWI
237,,,RDU,BWI
238,,,MDW,RDU
239,,,RDU,TPA
240,,,STL,RDU
241,,,RDU,TPA
242,,,SAN,LAS
243,,,RDU,MCO
244,,,BWI,RDU
245,,,MDW,RDU
246,,,LGA,ATL
247,,,CLT,BWI
248,,,DAL,CLT
249,,,RDU,LAS
250,,,LAS,RDU
251,,,RDU,ATL
252,,,RDU,MSY
253,,,RDU,HOU
254,,,CLT,BNA
255,,,MDW,CLT
256,,,SNA,SMF
257,,,ATL,DAL
258,,,MDW,ATL
259,,,ATL,FLL
260,,,BWI,RDU
261,,,ATL,GSP
262,,,ATL,RDU
263,,,HOU,ATL
264,,,RDU,BNA
265,,,FLL,RDU
266,,,STL,RDU
267,,,RDU,BNA
268,,,DAL,RDU
269,,,MCO,RDU
270,,,GSP,ATL
271,,,CLT,BWI
272,,,RDU,DEN
273,,,MSY,RDU
274,,,TPA,SAT
275,,,SFO,BUR
276,,,RDU,BWI
277,,,MCO,RDU
278,,,BWI,RDU
279,,,ATL,RIC
280,,,RDU,MCO
281,,,ALB,MDW
282,,,MDW,LAS
283,,,RDU,FLL
284,,,MDW,RDU
285,,,DAL,RDU
286,,,DAL,HOU
287,,,SAT,DAL
288,,,ATL,BWI
289,,,DCA,MDW
290,,,MDW,CHS
291,,,DCA,MDW
292,,,ATL,DCA
293,,,MDW,OMA
294,,,CMH,BWI
295,,,CLE,MDW
296,,,CLT,BWI
297,,,MDW,CVG
298,,,MDW,CLT
299,,,BWI,CLT
300,,,CVG,MDW
301,,,RDU,DEN
302,,,MDW,RDU
303,,,ATL,GSP
304,,,MDW,MSY
305,,,GSP,ATL
306,,,DAL,LBB
307,,,MDW,TUS
308,,,OAK,SNA
309,,,RDU,DAL
310,,,BWI,RDU
311,,,ATL,RDU
312,,,RDU,MDW
313,,,RDU,STL
314,,,BWI,RDU
315,,,CLT,HOU
316,,,HOU,CLT
317,,,DAL,AUS
318,,,MDW,SJC
319,,,DAL,MDW
320,,,MDW,HOU
321,,,MDW,EWR
322,,,ATL,SAT
323,,,RIC,ATL
324,,,ATL,RIC
325,,,MSY,MDW
326,,,MDW,DCA
327,,,RDU,TPA
328,,,BWI,RDU
329,,,IND,ATL
330,,,ATL,IND
331,,,BWI,TPA
332,,,STL,ATL
333,,,HOU,CLT
334,,,FLL,RDU
335,,,MCI,RDU
336,,,RDU,MDW
337,,,LBB,DAL
338,,,LAS,MSY
339,,,MDW,RDU
340,,,RDU,STL
341,,,ATL,RDU
342,,,BNA,CLT
343,,,CLT,DAL
344,,,HOU,RDU
345,,,PBI,ATL
346,,,ATL,MCO
347,,,RDU,MCO
348,,,BNA,RDU
349,,,TPA,RDU
350,,,RDU,PHX
351,,,RDU,ATL
352,,,BWI,RDU
353,,,BWI,MDW
354,,,SFO,SAN
355,,,MCO,RDU
356,,,SFO,LAX
357,,,LAX,SFO
358,,,BWI,CLT
359,,,STL,ATL
360,,,ATL,TPA
361,,,PHX,RDU
362,,,RDU,BWI
363,,,BWI,RDU
364,,,ATL,RDU
365,,,RDU,MCI
366,,,CLT,BNA
367,,,MCO,BDL
368,,,SJU,MCO
369,,,DEN,RDU
370,,,FLL,ATL
371,,,EWR,STL
372,,,LGA,MDW
373,,,BWI,CLT
374,,,SAT,HOU
375,,,RDU,ATL
376,,,RDU,DAL
377,,,SNA,LAS
378,,,SAN,SFO
379,,,LAX,SFO
380,,,SAN,SFO
381,,,SFO,SAN
382,,,ATL,GSP
383,,,RDU,MDW
384,,,BNA,RDU
385,,,PVD,FLL
386,,,BNA,CLT
387,,,MDW,DEN
388,,,SMF,SNA
389,,,PIT,MDW
390,,,SDF,MDW
391,,,MDW,OAK
392,,,RDU,BNA
393,,,ATL,RIC
394,,,SFO,LAX
395,,,DAL,RDU
396,,,MDW,PIT
397,,,ATL,DAL
398,,,STL,MDW
399,,,MDW,LAX
400,,,BWI,CLT
401,,,CLT,MDW
402,,,MDW,BHM
403,,,RDU,MCO
404,,,MEM,MDW
405,,,BUR,OAK
406,,,MDW,BUR
407,,,RDU,STL
408,,,BNA,RDU
409,,,MCO,BNA
410,,,BNA,MCO
411,,,MDW,ATL
412,,,MDW,CLT
413,,,BNA,MCO
414,,,MCO,BWI
415,,,ONT,SJC
416,,,MCO,STL
417,,,DFW,OMA
418,,,OMA,DFW
419,,,DCA,CLT
420,,,SFO,SNA
421,,,EWR,PIT
422,,,MHK,DFW
423,,,DFW,BTR
424,,,SAF,DFW
425,,,ASE,PHX
426,,,LAX,SFO
427,,,BTR,DFW
428,,,SUN,LAX
429,,,SUN,SLC
430,,,DEN,ASE
431,,,TRI,CLT
432,,,PHX,DFW
433,,,PHX,ATL
434,,,LFT,IAH
435,,,HOU,DFW
436,,,DFW,HOU
437,,,FAR,MSP
438,,,MSP,FAR
439,,,MDW,EWR
440,,,RNO,SJC
441,,,BOS,BWI
442,,,SJC,SAN
443,,,SAN,SJC
444,,,DAL,DCA
445,,,HOU,MSY
446,,,SFO,LAX
447,,,TPA,PHL
448,,,DAL,MSY
449,,,PHX,ABQ
450,,,TUS,DFW
451,,,LAS,DFW
452,,,IAH,STL
453,,,MCI,DFW
454,,,OKC,DFW
455,,,DFW,OKC
456,,,UIN,CGI
457,,,SFO,LAX
458,,,HPN,DCA
459,,,DTW,ALB
460,,,ALB,DTW
461,,,PBI,DCA
462,,,IND,CLT
463,,,LAX,PDX
464,,,DEN,FAR
465,,,FAR,DEN
466,,,EWR,BUF
467,,,EWR,RIC
468,,,ALB,EWR
469,,,IAH,LFT
470,,,ORD,ROC
471,,,STL,IAH
472,,,DCA,EWR
473,,,HOU,DFW
474,,,DFW,HOU
475,,,ANC,DUT
476,,,CLT,CHO
477,,,LEX,CLT
478,,,SLC,SFO
479,,,FAR,ATL
480,,,LYH,CLT
481,,,DEN,SFO
482,,,HOU,FLL
483,,,DAL,HOU
484,,,LAS,ABQ
485,,,DAL,SLC
486,,,ABQ,LAX
487,,,LAS,DAL
488,,,DAL,STL
489,,,ATL,DAL
490,,,SMF,BUR
491,,,ATL,AUS
492,,,DCA,OMA
493,,,HOU,DCA
494,,,PHX,ABQ
495,,,SAN,PHX
496,,,DAL,SAN
497,,,DAL,BNA
498,,,SAN,OAK
499,,,STL,PHX
500,,,LIT,STL
501,,,AUS,ELP
502,,,RDU,TPA
503,,,DAL,MSY
504,,,MSY,DAL
505,,,DAL,LIT
506,,,TUL,DAL
507,,,DAL,ELP
508,,,DAL,PHX
509,,,ABQ,DAL
510,,,ELP,DAL
511,,,ABQ,DAL
512,,,DAL,TUL
513,,,LAS,LAX
514,,,ELP,DAL
515,,,DAL,AUS
516,,,FLL,DAL
517,,,DAL,STL
518,,,ELP,DAL
519,,,MCO,BWI
520,,,HOU,ABQ
521,,,MDW,BOS
522,,,LAX,LAS
523,,,ABQ,LAS
524,,,AUS,DAL
525,,,DAL,OKC
526,,,ABQ,PHX
527,,,ABQ,HOU
528,,,SMF,BUR
529,,,AUS,MCO
530,,,DAL,ELP
531,,,IND,LAS
532,,,DAL,IND
533,,,DAL,ABQ
534,,,LAS,ABQ
535,,,IAH,OKC
536,,,DFW,OKC
537,,,FAR,ORD
538,,,EGE,DFW
539,,,GSP,ORD
540,,,DFW,MHK
541,,,EWR,CVG
542,,,LFT,IAH
543,,,DFW,BTR
544,,,SUN,LAX
545,,,DFW,SAF
546,,,SUN,SFO
547,,,BTR,DFW
548,,,SFO,ASE
549,,,SUN,DEN
550,,,CLT,TRI
551,,,PHF,CLT
552,,,SJC,PDX
553,,,PGV,CLT
554,,,SUN,SLC
555,,,AEX,ATL
556,,,EWR,GSO
557,,,MFE,IAH
558,,,IAH,CRP
559,,,EWR,GSO
560,,,TYS,IAD
561,,,IND,MCO
562,,,CLT,GSO
563,,,HPN,CLT
564,,,SUN,SLC
565,,,FAR,MSP
566,,,MSP,FAR
567,,,MGM,CLT
568,,,CLT,PHF
569,,,EWR,MDW
570,,,OKC,DCA
571,,,HOU,DAL
572,,,OKC,DFW
573,,,HOU,DAL
574,,,SAN,SFO
575,,,LAX,SFO
576,,,EWR,RDU
577,,,DCA,HPN
578,,,RIC,LGA
579,,,LFT,ATL
580,,,DAY,DTW
581,,,MSP,FAR
582,,,FAR,MSP
583,,,DTW,DAY
584,,,SLC,DFW
585,,,RIC,CLT
586,,,PHX,TPA
587,,,OKC,DFW
588,,,RDU,MIA
589,,,DFW,OKC
590,,,CLT,RIC
591,,,ORD,CAK
592,,,IAD,PWM
593,,,IAD,CHA
594,,,BUF,EWR
595,,,ROC,ORD
596,,,ROC,ORD
597,,,IAH,BTR
598,,,ORD,CMH
599,,,CHA,ORD
600,,,PIE,USA
601,,,BWI,AVL
602,,,RDU,MSY
603,,,USA,PIE
604,,,FAR,MSP
605,,,MSP,FAR
606,,,SGF,CLT
607,,,RIC,LGA
608,,,SYR,CLT
609,,,DCA,CLT
610,,,DCA,RDU
611,,,CLT,DCA
612,,,MQT,DTW
613,,,GSP,ATL
614,,,DTW,MQT
615,,,PHL,CHO
616,,,PHL,BDL
617,,,CLT,BHM
618,,,CHO,PHL
619,,,TYS,CLT
620,,,PGV,CLT
621,,,BDL,PHL
622,,,CLT,MGM
623,,,ROA,PHL
624,,,BHM,CLT
625,,,CLT,TYS
626,,,SEA,PUW
627,,,SEA,ALW
628,,,PUW,SEA
629,,,MFR,SFO
630,,,SMF,LAX
631,,,OAK,LAX
632,,,LAX,SMF
633,,,PDX,SJC
634,,,ICT,DFW
635,,,RST,ORD
636,,,ORD,CAE
637,,,GCK,DFW
638,,,DFW,GCK
639,,,FLO,CLT
640,,,SUN,SLC
641,,,LFT,IAH
642,,,HOU,DAL
643,,,LGA,DFW
644,,,DFW,ICT
645,,,DFW,ORD
646,,,MSP,DFW
647,,,ICT,DFW
648,,,PHL,DFW
649,,,DFW,IAH
650,,,RDU,DFW
651,,,DFW,VPS
652,,,EWR,JAX
653,,,XNA,ORD
654,,,IAD,CAE
655,,,TUL,ORD
656,,,OMA,ORD
657,,,ORD,TUL
658,,,CAE,IAD
659,,,GRI,DFW
660,,,GRI,DFW
661,,,MOB,CLT
662,,,CLT,CHO
663,,,CLT,BTR
664,,,MFR,SFO
665,,,FLG,PHX
666,,,DFW,CRP
667,,,CLT,PGV
668,,,HTS,CLT
669,,,AMA,DFW
670,,,DFW,AMA
671,,,JAN,DFW
672,,,DFW,MCI
673,,,DFW,JAN
674,,,MFE,DFW
675,,,ORD,FAR
676,,,IAD,ROA
677,,,MGM,CLT
678,,,SHV,IAH
679,,,CLT,HTS
680,,,CLT,LGA
681,,,DFW,MCI
682,,,BNA,DFW
683,,,BUF,MIA
684,,,CLT,GSO
685,,,GSO,CLT
686,,,RIC,DFW
687,,,CLT,ORD
688,,,RNO,PHX
689,,,DFW,RSW
690,,,RSW,DFW
691,,,LAS,CLT
692,,,ORF,CLT
693,,,SMF,DFW
694,,,DFW,TPA
695,,,JAC,DFW
696,,,DFW,AUS
697,,,PHL,FLL
698,,,FLL,PHL
699,,,LAX,SFO
700,,,DEN,RAP
701,,,ORD,RDU
702,,,RDU,ORD
703,,,ISN,DEN
704,,,EWR,BGR
705,,,DTW,RDU
706,,,ORD,OMA
707,,,IAH,JAX
708,,,JAX,IAH
709,,,ORD,FSD
710,,,ORD,XNA
711,,,ROC,EWR
712,,,CMH,ORD
713,,,DFW,MLU
714,,,ECP,CLT
715,,,IAH,LBB
716,,,OKC,IAH
717,,,CLT,ECP
718,,,CMH,AUS
719,,,SRQ,CLE
720,,,SJC,AUS
721,,,SFB,AVL
722,,,AVL,SFB
723,,,RDU,TPA
724,,,GSO,LGA
725,,,DFW,HOU
726,,,CLT,SGF
727,,,RDU,JFK
728,,,LFT,DFW
729,,,SHV,DFW
730,,,HOU,DFW
731,,,CHO,LGA
732,,,MLU,DFW
733,,,DFW,CRP
734,,,CRP,DFW
735,,,DFW,SHV
736,,,ORD,GSO
737,,,GSP,CLT
738,,,RDU,DCA
739,,,CHS,CLT
740,,,CLT,PWM
741,,,CLT,CHS
742,,,ILM,CLT
743,,,MKE,CLT
744,,,CLT,EWN
745,,,CLT,ILM
746,,,ILM,CLT
747,,,CHO,CLT
748,,,CLT,DAB
749,,,CLT,SRQ
750,,,CAE,CLT
751,,,CLT,CAE
752,,,XNA,CLT
753,,,MLB,CLT
754,,,CLT,MKE
755,,,CLT,CHO
756,,,TYS,CLT
757,,,MYR,CLT
758,,,CLT,CRW
759,,,MQT,DTW
760,,,DTW,MQT
761,,,DFW,DTW
762,,,ASE,ORD
763,,,OKC,ORD
764,,,ONT,SFO
765,,,CLT,OAJ
766,,,CLT,MDT
767,,,PHL,GSO
768,,,OAJ,CLT
769,,,BHM,CLT
770,,,CHO,PHL
771,,,GSO,PHL
772,,,EGE,ORD
773,,,LAX,LAS
774,,,BUR,OAK
775,,,SJC,PHX
776,,,BUR,SFO
777,,,SFO,PHX
778,,,MDW,BWI
779,,,SAN,SFO
780,,,FLL,HOU
781,,,HOU,DAL
782,,,DAL,HOU
783,,,DAL,HOU
784,,,SJC,ONT
785,,,BUR,SFO
786,,,AUS,DAL
787,,,HOU,DAL
788,,,FSD,PHX
789,,,MRY,PHX
790,,,ABQ,DFW
791,,,TYS,DFW
792,,,LGA,RDU
793,,,CLT,IAD
794,,,IAH,CLT
795,,,RDU,LGA
796,,,CHO,ORD
797,,,BTR,CLT
798,,,DVL,JMS
799,,,ASE,DEN
800,,,ROA,CLT
801,,,CLT,ROA
802,,,SEA,PUW
803,,,PUW,SEA
804,,,CLT,FLO
805,,,SFO,DFW
806,,,CRP,IAH
807,,,CLT,ROA
808,,,LAX,DFW
809,,,MIA,BUF
810,,,DFW,LAX
811,,,PHX,RNO
812,,,DFW,ICT
813,,,ORD,CLT
814,,,DFW,EGE
815,,,DFW,EGE
816,,,DFW,CLT
817,,,ORD,ABQ
818,,,DFW,JAC
819,,,DFW,PHL
820,,,DFW,ABQ
821,,,ABQ,DFW
822,,,EGE,DFW
823,,,ATL,DFW
824,,,SLC,DFW
825,,,DFW,ATL
826,,,CLT,DFW
827,,,EGE,JFK
828,,,EGE,MIA
829,,,MSY,ORD
830,,,GSP,EWR
831,,,CMH,EWR
832,,,BTV,EWR
833,,,LBB,IAH
834,,,HRL,IAH
835,,,EWR,SYR
836,,,SYR,EWR
837,,,IAD,AUS
838,,,ROA,ORD
839,,,DFW,LFT
840,,,DFW,GRI
841,,,LFT,DFW
842,,,PHX,ASE
843,,,HDN,ORD
844,,,DFW,BTR
845,,,PHX,FLG
846,,,ASE,ORD
847,,,ASE,LAX
848,,,ASE,DFW
849,,,DFW,ASE
850,,,BFL,PHX
851,,,DFW,ASE
852,,,ASE,DFW
853,,,DFW,ROW
854,,,DEN,FAR
855,,,FAR,DEN
856,,,EGE,SFO
857,,,ASE,DEN
858,,,DEN,ASE
859,,,ASE,IAH
860,,,SFO,MFR
861,,,MFR,SFO
862,,,DEN,OKC
863,,,ASE,LAX
864,,,PHL,JFK
865,,,JFK,PHL
866,,,PHL,IPT
867,,,CLT,FAY
868,,,FAY,CLT
869,,,CLT,LYH
870,,,PHX,SFO
871,,,SMF,LAX
872,,,LAX,SJC
873,,,SAN,SJC
874,,,SJC,LAX
875,,,OAK,SNA
876,,,SFO,SAN
877,,,DFW,FSD
878,,,PHX,FLG
879,,,LBB,DFW
880,,,HOU,DFW
881,,,MEM,DFW
882,,,LBB,DFW
883,,,FLG,PHX
884,,,FSD,DFW
885,,,DFW,MFE
886,,,DFW,LBB
887,,,DFW,LBB
888,,,DFW,MEM
889,,,CLT,EWR
890,,,CLT,IAH
891,,,ORD,ROA
892,,,FLL,DFW
893,,,CLE,LGA
894,,,HNL,JHM
895,,,JHM,HNL
896,,,ROA,CLT
897,,,CLT,ROA
898,,,TYS,DTW
899,,,AVL,ATL
900,,,ATL,CSG
901,,,ATL,GTR
902,,,ATL,AVL
903,,,ATL,AEX
904,,,GTR,ATL
905,,,XNA,ATL
906,,,ATL,TYS
907,,,ATL,AVL
908,,,DTW,MDT
909,,,ATL,XNA
910,,,PIA,ATL
911,,,AVL,ATL
912,,,DFW,PDX
913,,,DFW,MSP
914,,,MSP,DFW
915,,,MCI,DFW
916,,,DFW,BNA
917,,,AUS,PHX
918,,,RNO,PHX
919,,,PDX,PHX
920,,,DFW,SEA
921,,,PHX,PDX
922,,,PHX,ORD
923,,,PHX,RNO
924,,,PHX,STL
925,,,TPA,PHX
926,,,ATL,PHX
927,,,DFW,PHX
928,,,PHL,MCO
929,,,TPA,DFW
930,,,MCO,PHL
931,,,PHX,AUS
932,,,LAN,DCA
933,,,EWR,BUF
934,,,SEA,GEG
935,,,LAS,SAN
936,,,GEG,SEA
937,,,SLC,IAH
938,,,PDX,SEA
939,,,SEA,PDX
940,,,IAH,SLC
941,,,MCI,IAH
942,,,IAH,MCI
943,,,CLE,SRQ
944,,,SFB,BIS
945,,,BIS,SFB
946,,,SFB,FAR
947,,,SFB,ROC
948,,,FAR,SFB
949,,,ROC,SFB
950,,,ATL,DEN
951,,,BNA,LGA
952,,,RDU,DCA
953,,,FAR,MSP
954,,,MSP,GFK
955,,,MSP,RAP
956,,,MSP,FAR
957,,,SFO,ASE
958,,,MSP,GFK
959,,,GFK,MSP
960,,,GFK,MSP
961,,,SFO,MFR
962,,,BOS,MDT
963,,,CLT,TRI
964,,,BWI,MDW
965,,,OAK,LAX
966,,,AUS,DAL
967,,,LAX,OAK
968,,,DAL,ELP
969,,,DAL,MCO
970,,,MEM,DAL
971,,,DAL,FLL
972,,,OKC,DAL
973,,,LBB,LAS
974,,,DAL,LBB
975,,,HRL,DAL
976,,,DAL,LAX
977,,,AUS,LAS
978,,,BHM,DAL
979,,,DAL,SAT
980,,,STL,DAL
981,,,DCA,CMH
982,,,ABQ,HOU
983,,,LIT,DAL
984,,,DAL,BHM
985,,,DAL,SAT
986,,,OAK,BUR
987,,,BNA,MCO
988,,,BNA,DCA
989,,,MDW,ATL
990,,,PHX,DEN
991,,,DEN,ABQ
992,,,DEN,BUR
993,,,SFO,PHX
994,,,ATL,DAL
995,,,BWI,MCO
996,,,MCI,DAL
997,,,MAF,DAL
998,,,DAL,PHX
999,,,STL,DCA
1000,,,DCA,HOU
1001,,,MCI,DAL
1002,,,DAL,BWI
1003,,,ABQ,LAX
1004,,,LAX,ABQ
1005,,,ABQ,BWI
1006,,,DAL,ABQ
1007,,,SAN,SJC
1008,,,DCA,DAL
1009,,,ABQ,AUS
1010,,,PHX,ABQ
1011,,,DCA,HOU
1012,,,LBB,AUS
1013,,,AUS,ATL
1014,,,AUS,LBB
1015,,,SAT,DAL
1016,,,LAS,HOU
1017,,,ABQ,LAS
1018,,,OMA,DAL
1019,,,DAL,CMH
1020,,,DAL,MDW
1021,,,BUR,OAK
1022,,,DAL,DEN
1023,,,DAL,SFO
1024,,,BUR,OAK
1025,,,BWI,MHT
1026,,,TPA,BWI
1027,,,LAX,ABQ
1028,,,DAL,MDW
1029,,,LAS,PHX
1030,,,PHX,ELP
1031,,,LGA,ATL
1032,,,LBB,DAL
1033,,,DAL,MCI
1034,,,LGA,HOU
1035,,,DAL,SJC
1036,,,ABQ,OAK
1037,,,DAL,AUS
1038,,,DAL,LGA
1039,,,AMA,DAL
1040,,,LAS,OAK
1041,,,SAT,DAL
1042,,,DAL,STL
1043,,,LAX,SFO
1044,,,DAL,MAF
1045,,,OAK,ABQ
1046,,,MDW,LGA
1047,,,MDW,DAL
1048,,,OAK,ABQ
1049,,,MCO,DAL
1050,,,SJC,AUS
1051,,,SAN,PHX
1052,,,ABQ,DAL
1053,,,ABQ,PHX
1054,,,BOS,CMH
1055,,,BWI,BOS
1056,,,SAN,OAK
1057,,,FLL,TPA
1058,,,TPA,DCA
1059,,,LAX,SFO
1060,,,TUL,DAL
1061,,,DCA,STL
1062,,,CMH,DAL
1063,,,ABQ,PHX
1064,,,DAL,AMA
1065,,,SFO,LAS
1066,,,HRL,HOU
1067,,,STL,DAL
1068,,,DCA,AUS
1069,,,SAN,SFO
1070,,,CMH,TPA
1071,,,DEN,TPA
1072,,,HOU,DAL
1073,,,DAL,DEN
1074,,,ATL,DEN
1075,,,LAX,PDX
1076,,,PDX,STL
1077,,,ELP,DAL
1078,,,LAS,SNA
1079,,,EWR,IND
1080,,,DCA,FLL
1081,,,MCO,EWR
1082,,,IND,DAL
1083,,,BWI,MCO
1084,,,MDW,DCA
1085,,,BHM,MDW
1086,,,DAL,BHM
1087,,,SAN,SFO
1088,,,SAT,LAX
1089,,,MCI,SAT
1090,,,ATL,DCA
1091,,,SJC,RNO
1092,,,FLL,DCA
1093,,,MCO,ATL
1094,,,DCA,DAL
1095,,,CMH,DCA
1096,,,LAS,ABQ
1097,,,DEN,EWR
1098,,,BWI,LAX
1099,,,LGA,DAL
1100,,,CMH,BOS
1101,,,BWI,MCO
1102,,,MCO,AUS
1103,,,DAL,LGA
1104,,,HOU,HRL
1105,,,AMA,DAL
1106,,,DAL,MDW
1107,,,HOU,DAL
1108,,,HOU,CRP
1109,,,DAL,HOU
1110,,,BUR,OAK
1111,,,HOU,DAL
1112,,,DAL,SAT
1113,,,LAS,SAN
1114,,,SFO,SAN
1115,,,SFO,DEN
1116,,,ELP,LAX
1117,,,LAS,SFO
1118,,,DAL,TUL
1119,,,HOU,DAL
1120,,,DAL,AUS
1121,,,ELP,AUS
1122,,,SFO,LAS
1123,,,SFO,DEN
1124,,,SFO,LAX
1125,,,SAN,ABQ
1126,,,DCA,MKE
1127,,,ABQ,OAK
1128,,,MDW,ABQ
1129,,,MHT,BWI
1130,,,ATL,CMH
1131,,,DAL,ATL
1132,,,RNO,SAN
1133,,,EWR,AUS
1134,,,DCA,BNA
1135,,,CRP,HOU
1136,,,OAK,DAL
1137,,,DCA,MDW
1138,,,DAL,BNA
1139,,,MDW,DAL
1140,,,MDW,DCA
1141,,,DEN,DAL
1142,,,EWR,MDW
1143,,,IND,MCI
1144,,,ONT,DAL
1145,,,TPA,CMH
1146,,,MCI,ATL
1147,,,SJC,ABQ
1148,,,ABQ,MDW
1149,,,HOU,LAS
1150,,,DCA,FLL
1151,,,PHX,DAL
1152,,,MCO,DCA
1153,,,SJC,ONT
1154,,,ABQ,DEN
1155,,,ABQ,PHX
1156,,,FLL,BWI
1157,,,BWI,FLL
1158,,,MCO,PHL
1159,,,DAL,MEM
1160,,,DCA,MCO
1161,,,DAL,HOU
1162,,,BWI,ABQ
1163,,,ABQ,DAL
1164,,,DAL,MCO
1165,,,BUR,OAK
1166,,,ABQ,SJC
1167,,,DEN,MDW
1168,,,MDW,BWI
1169,,,TPA,BWI
1170,,,LAS,LAX
1171,,,DEN,PHX
1172,,,BUR,SMF
1173,,,LAX,SFO
1174,,,SFO,LAX
1175,,,OAK,BUR
1176,,,DCA,MDW
1177,,,ATL,LGA
1178,,,SNA,LAS
1179,,,ABQ,MCI
1180,,,ABQ,MDW
1181,,,DAL,TPA
1182,,,SFO,BUR
1183,,,OAK,BUR
1184,,,FLL,DCA
1185,,,TPA,BHM
1186,,,MCO,MDW
1187,,,ORF,MCO
1188,,,ATL,MSY
1189,,,DAL,OAK
1190,,,ABQ,OAK
1191,,,DAL,ABQ
1192,,,STL,DCA
1193,,,PHX,EWR
1194,,,EWR,DEN
1195,,,PHL,MCO
1196,,,ABQ,SAN
1197,,,DAL,ELP
1198,,,SAT,DAL
1199,,,DAL,HOU
1200,,,MSY,DCA
1201,,,AUS,DAL
1202,,,DAL,MSY
1203,,,DAL,AMA
1204,,,DEN,BWI
1205,,,OAK,BUR
1206,,,ABQ,LAX
1207,,,PBI,BWI
1208,,,DAL,LBB
1209,,,OAK,SAN
1210,,,BNA,HOU
1211,,,EWR,MCO
1212,,,ATL,LAX
1213,,,CMH,ATL
1214,,,MCO,BWI
1215,,,TPA,RDU
1216,,,BWI,PHX
1217,,,MCO,MSY
1218,,,PHX,IAH
1219,,,PHX,TUS
1220,,,CLT,MSY
1221,,,GRK,IAH
1222,,,DUT,ANC
1223,,,ANC,DUT
1224,,,IAH,MOB
1225,,,CHO,CLT
1226,,,PWM,CLT
1227,,,CLT,TYS
1228,,,PHX,FLG
1229,,,VPS,DFW
1230,,,ABQ,ORD
1231,,,CLT,AUS
1232,,,AUS,CLT
1233,,,GSP,EWR
1234,,,BUF,EWR
1235,,,GSO,EWR
1236,,,EWR,GSP
1237,,,IAH,SHV
1238,,,EWR,ORF
1239,,,PIT,LGA
1240,,,CLT,GSO
1241,,,DFW,GSO
1242,,,STL,CLT
1243,,,CHO,CLT
1244,,,CLT,PHF
1245,,,RIC,CLT
1246,,,CLT,MOB
1247,,,CLT,SDF
1248,,,IAD,CLT
1249,,,RDU,DCA
1250,,,CLT,RIC
1251,,,PHF,CLT
1252,,,DCA,RDU
1253,,,DCA,RDU
1254,,,CLT,ILM
1255,,,SFO,LAX
1256,,,LYH,CLT
1257,,,GSO,PHL
1258,,,ROA,CLT
1259,,,PHL,MHT
1260,,,PHL,MDT
1261,,,MDT,BOS
1262,,,PHL,GSO
1263,,,MHT,PHL
1264,,,MDW,LGA
1265,,,LAX,SJC
1266,,,CLT,HHH
1267,,,HHH,CLT
1268,,,GSP,IAD
1269,,,ELP,IAH
1270,,,LGA,CLE
1271,,,PHX,SAF
1272,,,SAF,PHX
1273,,,MDT,PHL
1274,,,HNL,JHM
1275,,,JHM,HNL
1276,,,DFW,SBN
1277,,,BTR,DFW
1278,,,ORD,GSP
1279,,,GSO,DFW
1280,,,DFW,GCK
1281,,,GCK,DFW
1282,,,CLT,GRR
1283,,,HPN,CLT
1284,,,AVL,CLT
1285,,,SFO,SNA
1286,,,SFO,SBP
1287,,,ROW,DFW
1288,,,ASE,LAX
1289,,,BUR,SFO
1290,,,MDT,CLT
1291,,,PGV,CLT
1292,,,CLT,ROA
1293,,,ROA,CLT
1294,,,SFO,SEA
1295,,,DFW,FSD
1296,,,BMI,DFW
1297,,,BHM,DFW
1298,,,HHH,CLT
1299,,,CLT,HHH
1300,,,HHH,CLT
1301,,,CLT,HHH
1302,,,CSG,ATL
1303,,,ATL,TRI
1304,,,RDU,JFK
1305,,,RDU,IND
1306,,,JFK,RDU
1307,,,JFK,RDU
1308,,,BWI,RDU
1309,,,TRI,ATL
1310,,,IND,RDU
1311,,,SAT,DFW
1312,,,BOS,ORD
1313,,,RIC,CLT
1314,,,ORD,PHX
1315,,,DFW,EWR
1316,,,CLT,RIC
1317,,,DFW,SAT
1318,,,CLT,MYR
1319,,,ORD,BOS
1320,,,DFW,ATL
1321,,,BUF,CLT
1322,,,SAT,CLT
1323,,,ATL,DFW
1324,,,CLT,BUF
1325,,,SEA,SFO
1326,,,EWR,RIC
1327,,,EWR,MHT
1328,,,SAN,LAS
1329,,,LFT,IAH
1330,,,EWR,PVD
1331,,,STL,EWR
1332,,,LIT,IAH
1333,,,IAH,LFT
1334,,,IAH,LIT
1335,,,IAH,CLL
1336,,,USA,SFB
1337,,,RIC,BOS
1338,,,BOS,RDU
1339,,,RDU,BOS
1340,,,BOS,RIC
1341,,,DCA,RDU
1342,,,RDU,DCA
1343,,,ANC,DUT
1344,,,DUT,ANC
1345,,,DFW,GSO
1346,,,ALB,DCA
1347,,,CLT,AVL
1348,,,RIC,CLT
1349,,,CLT,XNA
1350,,,DCA,CLE
1351,,,CLT,RIC
1352,,,RAP,MSP
1353,,,ASE,SLC
1354,,,ATL,FAR
1355,,,RAP,MSP
1356,,,ASE,LAX
1357,,,TRI,CLT
1358,,,CAE,PHL
1359,,,CLT,SBY
1360,,,SEA,EAT
1361,,,HOU,DAL
1362,,,STL,LGA
1363,,,AUS,DCA
1364,,,DCA,ATL
1365,,,MDW,EWR
1366,,,LGA,MDW
1367,,,LGA,STL
1368,,,EWR,MDW
1369,,,EWR,PHX
1370,,,IAH,ATL
1371,,,ATL,IAH
1372,,,DEN,AUS
1373,,,SDF,CLT
1374,,,CLT,IND
1375,,,RIC,IAD
1376,,,ROA,IAD
1377,,,IAD,RIC
1378,,,DFW,MSY
1379,,,EWR,RIC
1380,,,UIN,ORD
1381,,,TRI,CLT
1382,,,CLT,FLO
1383,,,MIA,CLT
1384,,,SAN,DFW
1385,,,ORD,GSO
1386,,,EWR,PWM
1387,,,MKE,EWR
1388,,,FAY,CLT
1389,,,SFO,LAX
1390,,,ATL,CLT
1391,,,CLT,ATL
1392,,,UIN,ORD
1393,,,DFW,SAF
1394,,,ORD,UIN
1395,,,ASE,IAH
1396,,,PHL,MDT
1397,,,PHL,ROA
1398,,,EWR,DTW
1399,,,GSP,ATL
1400,,,TYS,MSP
1401,,,TYS,ATL
1402,,,RDU,BWI
1403,,,MSP,TYS
1404,,,ATL,GSP
1405,,,ATL,AEX
1406,,,MDT,DTW
1407,,,CSG,ATL
1408,,,BWI,RDU
1409,,,DFW,LGA
1410,,,DCA,CLT
1411,,,AUS,CLT
1412,,,CLT,AUS
1413,,,DFW,DEN
1414,,,MSY,CLT
1415,,,DFW,MCI
1416,,,DFW,STL
1417,,,STL,DFW
1418,,,STL,CLT
1419,,,MYR,CLT
1420,,,DEN,CLT
1421,,,DEN,DFW
1422,,,DFW,IAH
1423,,,CLT,SFO
1424,,,CLT,RIC
1425,,,DFW,DTW
1426,,,STL,CLT
1427,,,SAT,CLT
1428,,,CLT,ORF
1429,,,TPA,CLT
1430,,,CLT,BNA
1431,,,CLT,LAS
1432,,,IND,DFW
1433,,,JAX,CLT
1434,,,BWI,CLT
1435,,,CLT,STL
1436,,,DFW,SMF
1437,,,OME,ANC
1438,,,DCA,BGR
1439,,,DEN,RAP
1440,,,RAP,DEN
1441,,,EWR,MHT
1442,,,PWM,EWR
1443,,,EWR,RIC
1444,,,IAD,ROC
1445,,,EWR,BUF
1446,,,GSO,EWR
1447,,,SYR,EWR
1448,,,EWR,GSO
1449,,,RIC,EWR
1450,,,SFO,SEA
1451,,,SEA,SJC
1452,,,BHM,IAH
1453,,,EWR,BGR
1454,,,GRR,IAD
1455,,,EWR,PWM
1456,,,EWR,CAK
1457,,,MLU,IAH
1458,,,GSP,ORD
1459,,,CLT,SBN
1460,,,MCO,IND
1461,,,MCO,ORF
1462,,,ELP,DEN
1463,,,AUS,SJC
1464,,,IAD,AUS
1465,,,STL,JAX
1466,,,DEN,ELP
1467,,,ORF,LAS
1468,,,AUS,CMH
1469,,,PIE,RDU
1470,,,GSO,SFB
1471,,,ROA,PIE
1472,,,RIC,SFB
1473,,,SFB,RIC
1474,,,PIE,ROA
1475,,,SAV,BWI
1476,,,PIE,MDT
1477,,,SFB,GSO
1478,,,BNA,RIC
1479,,,LAX,OKC
1480,,,OKC,LAX
1481,,,MDT,PIE
1482,,,RIC,BNA
1483,,,CMI,ORD
1484,,,GSO,CLT
1485,,,JFK,PHL
1486,,,ORD,CMI
1487,,,XNA,DFW
1488,,,LGA,RDU
1489,,,GRK,DFW
1490,,,DFW,XNA
1491,,,PHL,JFK
1492,,,CLT,GSP
1493,,,CLT,CVG
1494,,,CLT,HPN
1495,,,IND,CLT
1496,,,CLT,GSO
1497,,,GSO,CLT
1498,,,LYH,CLT
1499,,,CLT,OAJ
1500,,,PIT,RDU
1501,,,PWM,CLT
1502,,,EWN,CLT
1503,,,RDU,PIT
1504,,,CHA,CLT
1505,,,CLT,TYS
1506,,,CLT,MEM
1507,,,MEM,CLT
1508,,,CLT,LYH
1509,,,LYH,CLT
1510,,,SDF,CLT
1511,,,CLT,DSM
1512,,,BHM,CLT
1513,,,CLT,CHS
1514,,,CLT,LYH
1515,,,JFK,RDU
1516,,,CLT,EWN
1517,,,EWN,CLT
1518,,,BHM,CLT
1519,,,CLT,TYS
1520,,,LIT,CLT
1521,,,ORF,CLT
1522,,,MDT,CLT
1523,,,CLT,MDT
1524,,,CLT,MLB
1525,,,CLT,RIC
1526,,,RIC,CLT
1527,,,CLT,FAY
1528,,,CLT,AGS
1529,,,SYR,CLT
1530,,,CLT,SYR
1531,,,GRR,CLT
1532,,,MLB,CLT
1533,,,RDU,JFK
1534,,,FAY,CLT
1535,,,CAE,CLT
1536,,,CLT,CAE
1537,,,SRQ,CLT
1538,,,CLT,FAY
1539,,,CLE,CLT
1540,,,CLT,AGS
1541,,,PHL,GSP
1542,,,BUR,SFO
1543,,,FAR,DEN
1544,,,LFT,ATL
1545,,,CLT,DEN
1546,,,MOT,DEN
1547,,,ASE,LAX
1548,,,SEA,SFO
1549,,,ORD,RST
1550,,,RNO,SFO
1551,,,DFW,BTR
1552,,,BTR,DFW
1553,,,LAX,ASE
1554,,,RST,ORD
1555,,,CLT,TYS
1556,,,CLT,OAJ
1557,,,CHO,CLT
1558,,,CLT,LYH
1559,,,ART,PHL
1560,,,CLT,CHO
1561,,,OAJ,CLT
1562,,,PHL,BUF
1563,,,TYS,CLT
1564,,,CLT,SBY
1565,,,CLT,PHF
1566,,,LYH,CLT
1567,,,CLT,MGM
1568,,,BUF,PHL
1569,,,PHL,IPT
1570,,,PHF,CLT
1571,,,SEA,BLI
1572,,,SFO,SEA
1573,,,IAH,DEN
1574,,,DCA,MCO
1575,,,HOU,DCA
1576,,,STL,HOU
1577,,,DCA,TPA
1578,,,DCA,STL
1579,,,IAH,MFE
1580,,,DFW,ICT
1581,,,IAD,CLT
1582,,,CLT,ORD
1583,,,ROC,CLT
1584,,,RDU,LGA
1585,,,GSO,PHL
1586,,,RDU,LGA
1587,,,RDU,LGA
1588,,,CLT,ROC
1589,,,LGA,RDU
1590,,,IAD,ROA
1591,,,ROA,IAD
1592,,,IAD,ROA
1593,,,TUL,IAH
1594,,,IAH,GRK
1595,,,DFW,BTR
1596,,,CLL,IAH
1597,,,CLE,LGA
1598,,,IAH,TUL
1599,,,LGA,RDU
1600,,,GSO,CLT
1601,,,SJT,DFW
1602,,,CLT,CHO
1603,,,CLT,GNV
1604,,,CLT,AGS
1605,,,SFO,MFR
1606,,,RIC,PHL
1607,,,HOU,DFW
1608,,,RDU,FLL
1609,,,RDU,JFK
1610,,,RDU,JFK
1611,,,FLL,RDU
1612,,,ALB,CLT
1613,,,DCA,PVD
1614,,,PIT,DCA
1615,,,DCA,STL
1616,,,PVD,DCA
1617,,,GSO,LGA
1618,,,LGA,RIC
1619,,,CMH,LGA
1620,,,CLT,LEX
1621,,,EWN,CLT
1622,,,SRQ,CLT
1623,,,DAB,CLT
1624,,,ROA,CLT
1625,,,FLO,CLT
1626,,,CHA,CLT
1627,,,BLI,SEA
1628,,,IAD,GSP
1629,,,DCA,RDU
1630,,,RDU,JFK
1631,,,GSO,ORD
1632,,,ORD,PHX
1633,,,EWR,GSP
1634,,,CAK,EWR
1635,,,DAY,EWR
1636,,,CLT,HPN
1637,,,ASE,DEN
1638,,,ASE,ORD
1639,,,SWF,PHL
1640,,,BUF,PHL
1641,,,DFW,LFT
1642,,,PHF,ATL
1643,,,GSP,LGA
1644,,,ELM,ATL
1645,,,GSP,LGA
1646,,,ATL,ELM
1647,,,MGM,ATL
1648,,,LGA,GSP
1649,,,ATL,MGM
1650,,,BTV,ATL
1651,,,TYS,ATL
1652,,,ATL,TYS
1653,,,ATL,PIA
1654,,,RDU,BWI
1655,,,ATL,BTV
1656,,,DFW,TUL
1657,,,BDL,CLT
1658,,,IAH,PHX
1659,,,PHX,SFO
1660,,,CLT,EWR
1661,,,DCA,BOS
1662,,,DFW,STL
1663,,,CLT,IAH
1664,,,DTW,DFW
1665,,,CLT,CHS
1666,,,CLT,PBI
1667,,,CLT,DTW
1668,,,TUL,DFW
1669,,,ORD,BNA
1670,,,BNA,ORD
1671,,,DFW,COS
1672,,,DFW,LAX
1673,,,LAX,DFW
1674,,,SFO,SEA
1675,,,DEN,BIS
1676,,,DEN,MOT
1677,,,GSO,EWR
1678,,,IAD,GSP
1679,,,IAD,AVP
1680,,,BTV,EWR
1681,,,ABQ,LAX
1682,,,SMF,SEA
1683,,,SEA,PDX
1684,,,SJC,SEA
1685,,,PHX,SLC
1686,,,PDX,SEA
1687,,,EWR,STL
1688,,,BHM,IAH
1689,,,CLE,IAH
1690,,,ORF,IAD
1691,,,CLE,IAD
1692,,,PNS,IAH
1693,,,SBN,CLT
1694,,,EWR,RIC
1695,,,IAH,PNS
1696,,,IAH,BHM
1697,,,CLT,ECP
1698,,,AVL,BWI
1699,,,MSY,USA
1700,,,PIE,GSO
1701,,,GSO,PIE
1702,,,USA,MSY
1703,,,DFW,DAY
1704,,,DFW,GRK
1705,,,CLL,DFW
1706,,,GRK,DFW
1707,,,DFW,CLL
1708,,,TPA,GSO
1709,,,AVL,TPA
1710,,,GSO,TPA
1711,,,GSO,FLL
1712,,,FLL,GSO
1713,,,TPA,AVL
1714,,,ORF,CLT
1715,,,CLT,ORF
1716,,,GNV,CLT
1717,,,OAJ,CLT
1718,,,CLT,DAB
1719,,,DCA,BDL
1720,,,SAV,CLT
1721,,,ATL,CLT
1722,,,DAB,CLT
1723,,,CLT,JAX
1724,,,TYS,CLT
1725,,,HVN,PHL
1726,,,HPN,CLT
1727,,,CLT,ATL
1728,,,CAE,CLT
1729,,,CLT,TYS
1730,,,PHX,ABQ
1731,,,ABQ,PHX
1732,,,LFT,ATL
1733,,,BZN,MSP
1734,,,MSP,RAP
1735,,,ASE,ATL
1736,,,MSP,DLH
1737,,,DLH,MSP
1738,,,DTW,GSO
1739,,,ASE,SLC
1740,,,RAP,SLC
1741,,,SLC,ASE
1742,,,DFW,SHV
1743,,,SHV,DFW
1744,,,FNT,ORD
1745,,,ROW,DFW
1746,,,ORD,CMX
1747,,,DEN,LBF
1748,,,SLC,RAP
1749,,,AVL,ORD
1750,,,CLT,IAH
1751,,,CMX,ORD
1752,,,IAH,SGF
1753,,,ASE,DEN
1754,,,LYH,CLT
1755,,,PHF,CLT
1756,,,AGS,CLT
1757,,,IPT,PHL
1758,,,CLT,TRI
1759,,,LEX,CLT
1760,,,CLT,BHM
1761,,,CLT,AGS
1762,,,CLT,LEX
1763,,,PHL,RIC
1764,,,LAX,SFO
1765,,,LAX,SFO
1766,,,DAL,HOU
1767,,,LGA,MDW
1768,,,DRO,DFW
1769,,,DFW,BHM
1770,,,DFW,BIS
1771,,,DRO,PHX
1772,,,IAH,TUS
1773,,,PWM,IAD
1774,,,BIS,DFW
1775,,,ROA,ORD
1776,,,IAD,GSO
1777,,,ORD,ROA
1778,,,LAN,ORD
1779,,,SLC,DFW
1780,,,GSP,DFW
1781,,,DFW,GSP
1782,,,DFW,ABQ
1783,,,DFW,LAX
1784,,,PBI,CLT
1785,,,DFW,CLT
1786,,,LAS,SFO
1787,,,SFO,LAX
1788,,,PDX,SFO
1789,,,SFO,PDX
1790,,,LAX,SFO
1791,,,SAF,DEN
1792,,,ALB,EWR
1793,,,AVL,EWR
1794,,,LAX,SFO
1795,,,SFO,LAX
1796,,,IAH,JAN
1797,,,RIC,EWR
1798,,,LGA,CLE
1799,,,MFE,IAH
1800,,,IAH,MFE
1801,,,JAN,IAH
1802,,,SBN,DFW
1803,,,RDU,DEN
1804,,,GSO,MIA
1805,,,ORD,MQT
1806,,,SGF,CLT
1807,,,MQT,ORD
1808,,,MIA,GSO
1809,,,BTV,CLT
1810,,,AGS,CLT
1811,,,GSO,DCA
1812,,,CLT,XNA
1813,,,TOL,CLT
1814,,,TYS,CLT
1815,,,GRR,CLT
1816,,,EVV,CLT
1817,,,DSM,CLT
1818,,,SFO,DFW
1819,,,DEN,ASE
1820,,,JMS,DVL
1821,,,MQT,MSP
1822,,,SFO,SLC
1823,,,ACV,SFO
1824,,,OTH,SFO
1825,,,ORD,CHO
1826,,,LAX,ASE
1827,,,SFO,SNA
1828,,,CHO,ORD
1829,,,JMS,DEN
1830,,,RDD,SFO
1831,,,HTS,CLT
1832,,,CLT,CAE
1833,,,PHL,SWF
1834,,,CLT,ROA
1835,,,CAE,CLT
1836,,,CLT,TRI
1837,,,PHL,BUF
1838,,,MDT,CLT
1839,,,IPT,PHL
1840,,,PHL,RIC
1841,,,TRI,CLT
1842,,,CLT,MDT
1843,,,SBY,CLT
1844,,,SEA,YKM
1845,,,EAT,SEA
1846,,,LAX,STS
1847,,,RNO,SEA
1848,,,ALW,SEA
1849,,,YKM,SEA
1850,,,SFO,SNA
1851,,,SEA,ALW
1852,,,EAT,SEA
1853,,,PUW,SEA
1854,,,SEA,PUW
1855,,,FSD,DFW
1856,,,DFW,RAP
1857,,,RAP,DFW
1858,,,DFW,IAH
1859,,,LFT,DFW
1860,,,DFW,BHM
1861,,,DFW,ABQ
1862,,,DFW,IAH
1863,,,CLT,LAS
1864,,,DFW,SAT
1865,,,AUS,DFW
1866,,,ADQ,ANC
1867,,,ANC,ADQ
1868,,,DCA,LAN
1869,,,EWR,PQI
1870,,,ORD,GRR
1871,,,LBF,DEN
1872,,,DFW,MAF
1873,,,DFW,LBB
1874,,,LGA,RDU
1875,,,PHX,MCI
1876,,,MCI,PHX
1877,,,PHX,SAT
1878,,,DFW,TPA
1879,,,TPA,DFW
1880,,,DFW,MEM
1881,,,MEM,DFW
1882,,,DFW,RNO
1883,,,SFO,PHX
1884,,,DFW,BZN
1885,,,MSY,DFW
1886,,,SAT,DFW
1887,,,DFW,LAS
1888,,,LGA,DFW
1889,,,SJC,PHX
1890,,,DTW,PHX
1891,,,DFW,SEA
1892,,,PHX,DTW
1893,,,DFW,LAS
1894,,,MSY,DFW
1895,,,ORD,EWR
1896,,,RNO,DFW
1897,,,LAS,DFW
1898,,,DFW,CLT
1899,,,DFW,TUS
1900,,,IND,PHX
1901,,,PIT,DFW
1902,,,DFW,PHX
1903,,,CLT,AUS
1904,,,AUS,CLT
1905,,,FLL,CLT
1906,,,DFW,SNA
1907,,,DFW,TPA
1908,,,DTW,ORD
1909,,,BZN,DFW
1910,,,IAH,DFW
1911,,,ELP,DFW
1912,,,PSP,PDX
1913,,,MOT,DEN
1914,,,LAN,ORD
1915,,,RIC,ORD
1916,,,EWR,GSO
1917,,,EWR,CMH
1918,,,LAX,ABQ
1919,,,IAH,BTR
1920,,,GSO,ORD
1921,,,DCA,EWR
1922,,,EWR,ORF
1923,,,BTR,IAH
1924,,,ORD,IAD
1925,,,ORD,RIC
1926,,,IAH,OKC
1927,,,IAD,ORF
1928,,,GPT,IAH
1929,,,SYR,IAD
1930,,,IAH,STL
1931,,,AUS,IAD
1932,,,AVL,EWR
1933,,,SFB,MFE
1934,,,MFE,SFB
1935,,,AVL,PGD
1936,,,EWR,AVL
1937,,,DFW,SHV
1938,,,SHV,DFW
1939,,,DFW,CRP
1940,,,LGA,DTW
1941,,,CRP,DFW
1942,,,DFW,SHV
1943,,,SHV,DFW
1944,,,EWR,ORD
1945,,,ORD,EWR
1946,,,DFW,GRI
1947,,,DFW,GRI
1948,,,OMA,ORD
1949,,,DFW,MGM
1950,,,DFW,GRK
1951,,,GRK,DFW
1952,,,CLT,GSO
1953,,,DAY,DFW
1954,,,CLT,LIT
1955,,,CLT,BHM
1956,,,DCA,HPN
1957,,,CLT,CVG
1958,,,JAX,CLT
1959,,,CLT,CHA
1960,,,CHA,CLT
1961,,,MDT,CLT
1962,,,CLT,MDT
1963,,,CLT,PWM
1964,,,CLT,LEX
1965,,,ABE,CLT
1966,,,CLE,CLT
1967,,,PNS,CLT
1968,,,BTR,CLT
1969,,,CLT,SAV
1970,,,CLT,ABE
1971,,,AVL,CLT
1972,,,DTW,CLT
1973,,,HSV,CLT
1974,,,CLT,ORF
1975,,,VPS,CLT
1976,,,CLT,VPS
1977,,,CLT,HSV
1978,,,CVG,CLT
1979,,,JAN,CLT
1980,,,CLT,MYR
1981,,,CRP,DFW
1982,,,BRO,IAH
1983,,,PHX,BFL
1984,,,MHK,DFW
1985,,,ORD,GRR
1986,,,PHF,PHL
1987,,,BUF,PHL
1988,,,AVP,PHL
1989,,,EWN,CLT
1990,,,BGR,PHL
1991,,,SCE,PHL
1992,,,BUF,PHL
1993,,,BTV,PHL
1994,,,MKE,PHL
1995,,,PHL,BUF
1996,,,BGR,PHL
1997,,,EGE,ORD
1998,,,IAH,MFE
1999,,,LAX,RNO
2000,,,BNA,MDW
2001,,,RDU,BWI
2002,,,MDW,PHL
2003,,,PHL,MDW
2004,,,MSP,MDW
2005,,,DCA,OKC
2006,,,MCI,PHX
2007,,,LFT,DFW
2008,,,DFW,MFE
2009,,,AMA,DFW
2010,,,PSP,PHX
2011,,,MAF,DFW
2012,,,DFW,VPS
2013,,,IAD,PWM
2014,,,DFW,AMA
2015,,,IAH,HRL
2016,,,LBB,DFW
2017,,,PHX,PSP
2018,,,IAH,MEM
2019,,,RIC,ORD
2020,,,TUL,ORD
2021,,,IAD,RIC
2022,,,GSO,IAD
2023,,,CLT,RDU
2024,,,DFW,SLC
2025,,,JNU,SIT
2026,,,LIH,SEA
2027,,,FLL,AVL
2028,,,LGA,GSO
2029,,,OMA,ORD
2030,,,ROA,LGA
2031,,,PIT,LGA
2032,,,JFK,CLE
2033,,,LGA,ROA
2034,,,ORD,OMA
2035,,,CLT,CAK
2036,,,CLT,MOB
2037,,,GSP,DCA
2038,,,DCA,ALB
2039,,,GPT,CLT
2040,,,DEN,CNY
2041,,,TYS,ORD
2042,,,LWB,IAD
2043,,,IAD,LWB
2044,,,DFW,BRO
2045,,,BRO,DFW
2046,,,CNY,DEN
2047,,,EUG,PDX
2048,,,DFW,BMI
2049,,,PHX,FSD
2050,,,DFW,MSY
2051,,,LAS,DFW
2052,,,SLC,ORD
2053,,,DFW,BOS
2054,,,DFW,RDU
2055,,,DFW,CMH
2056,,,PDX,DFW
2057,,,DFW,DCA
2058,,,DCA,DFW
2059,,,CLT,MSY
2060,,,BUF,DFW
2061,,,CLT,BNA
2062,,,JFK,CLT
2063,,,CLT,JFK
2064,,,PHX,DFW
2065,,,RDU,CLT
2066,,,CLT,RDU
2067,,,FLL,ORD
2068,,,RSW,DFW
2069,,,BOS,LGA
2070,,,PWM,CLT
2071,,,CLT,SAN
2072,,,ORD,MSY
2073,,,ORD,MSY
2074,,,PVD,MIA
2075,,,CLT,SAT
2076,,,CLT,SAT
2077,,,CLT,PWM
2078,,,PHX,DFW
2079,,,ALB,CLT
2080,,,CLT,FLL
2081,,,CLT,EWR
2082,,,RSW,DFW
2083,,,CLT,DFW
2084,,,CLT,STL
2085,,,SAT,PHX
2086,,,DFW,SMF
2087,,,DFW,SLC
2088,,,BOI,PHX
2089,,,DFW,RSW
2090,,,ORD,FLL
2091,,,VPS,DFW
2092,,,DFW,SNA
2093,,,SFO,DFW
2094,,,SJC,ORD
2095,,,PNS,DFW
2096,,,CLT,JAX
2097,,,ORD,LAN
2098,,,DEN,RAP
2099,,,BIS,DEN
2100,,,DEN,FSD
2101,,,RIC,EWR
2102,,,BGR,EWR
2103,,,EGE,ATL
2104,,,JAC,ATL
2105,,,ATL,EGE
2106,,,HDN,MSP
2107,,,ORD,PIA
2108,,,ORD,TYS
2109,,,MAF,IAH
2110,,,LIT,ORD
2111,,,IAH,BTR
2112,,,EWR,MKE
2113,,,IAH,COS
2114,,,IAH,MLU
2115,,,IAH,ELP
2116,,,TYS,IAD
2117,,,ORD,ICT
2118,,,ORD,LIT
2119,,,IAH,MAF
2120,,,LFT,IAH
2121,,,OKC,ORD
2122,,,IAD,TYS
2123,,,IAD,SYR
2124,,,EWR,ROC
2125,,,COS,IAH
2126,,,MSN,EWR
2127,,,IAH,STL
2128,,,HSV,IAH
2129,,,DCA,EWR
2130,,,GRR,ORD
2131,,,IAD,TYS
2132,,,BTR,IAH
2133,,,ECP,CLT
2134,,,CLT,SBN
2135,,,AUS,LAS
2136,,,SFO,HNL
2137,,,LGA,RDU
2138,,,RDU,LGA
2139,,,SDF,ORD
2140,,,ORD,SDF
2141,,,XNA,DFW
2142,,,LAW,DFW
2143,,,LGA,PIT
2144,,,SPI,DFW
2145,,,CLE,LGA
2146,,,CLE,ORD
2147,,,DFW,LAW
2148,,,DFW,XNA
2149,,,MCO,ATL
2150,,,ORD,MCO
2151,,,ATL,MCO
2152,,,MSN,CLT
2153,,,CLT,MLB
2154,,,DAB,CLT
2155,,,CLT,GPT
2156,,,DSM,DCA
2157,,,CMH,CLT
2158,,,CLT,HPN
2159,,,OAJ,CLT
2160,,,CLT,ORF
2161,,,ART,PHL
2162,,,CLT,AVP
2163,,,CLT,FAY
2164,,,SRQ,CLT
2165,,,CLT,BHM
2166,,,HVN,PHL
2167,,,CLT,MSN
2168,,,CLT,MKE
2169,,,DCA,ORD
2170,,,ASE,ORD
2171,,,CRP,DFW
2172,,,DEN,ASE
2173,,,ORD,LGA
2174,,,ORD,ASE
2175,,,LGA,ORD
2176,,,ASE,DFW
2177,,,DFW,ROW
2178,,,CLT,TYS
2179,,,CLT,GRR
2180,,,PHL,CAE
2181,,,CLT,MDT
2182,,,GRR,CLT
2183,,,LEX,CLT
2184,,,CLT,EWN
2185,,,CLT,LYH
2186,,,TYS,CLT
2187,,,CLT,LYH
2188,,,CLT,EWN
2189,,,TRI,CLT
2190,,,CLT,LEX
2191,,,BHM,CLT
2192,,,BIL,SEA
2193,,,SEA,BIL
2194,,,IAH,AUS
2195,,,AMA,DAL
2196,,,LAX,SMF
2197,,,LAX,PHX
2198,,,BWI,MDW
2199,,,PHX,SAN
2200,,,SJC,BUR
2201,,,BUR,LAS
2202,,,MDW,BWI
2203,,,LAX,OAK
2204,,,SJC,BUR
2205,,,BUR,SMF
2206,,,BUR,OAK
2207,,,MDW,STL
2208,,,CLE,BWI
2209,,,CMH,ATL
2210,,,CMH,BWI
2211,,,LAX,ELP
2212,,,DAL,LBB
2213,,,RDU,MCO
2214,,,IND,MDW
2215,,,SNA,PHX
2216,,,SAN,BNA
2217,,,LAX,SJC
2218,,,MCI,MDW
2219,,,ATL,MCO
2220,,,TPA,FLL
2221,,,SNA,OAK
2222,,,MDW,MCI
2223,,,LGA,MDW
2224,,,SAN,SMF
2225,,,MDW,PIT
2226,,,BNA,LAX
2227,,,SJC,LAS
2228,,,BWI,MDW
2229,,,MCO,CMH
2230,,,OAK,BUR
2231,,,LAX,SJC
2232,,,MDW,DCA
2233,,,SJC,LAX
2234,,,OAK,SNA
2235,,,STL,CMH
2236,,,PDX,SJC
2237,,,SAT,DAL
2238,,,LAS,PHX
2239,,,BUR,SMF
2240,,,LAS,BUR
2241,,,OAK,BUR
2242,,,RDU,DEN
2243,,,RDU,FLL
2244,,,SEA,SMF
2245,,,BUR,PHX
2246,,,SAN,PHX
2247,,,MDW,BNA
2248,,,BUR,PDX
2249,,,MDW,SFO
2250,,,ONT,SMF
2251,,,PHX,SMF
2252,,,OAK,LAX
2253,,,MDW,STL
2254,,,LAX,SMF
2255,,,PHX,SFO
2256,,,MDW,GRR
2257,,,MDW,HOU
2258,,,LAS,MDW
2259,,,LAX,SJC
2260,,,PHX,LAX
2261,,,LAX,SLC
2262,,,LAS,LAX
2263,,,BUR,OAK
2264,,,OAK,SNA
2265,,,SNA,SMF
2266,,,DEN,LAX
2267,,,LAX,SJC
2268,,,MDW,DAL
2269,,,MCO,BWI
2270,,,ELP,LAX
2271,,,DAL,AUS
2272,,,DCA,MDW
2273,,,MCI,MDW
2274,,,BUR,PHX
2275,,,PHX,SJC
2276,,,BUR,DEN
2277,,,LAS,BUR
2278,,,LGB,LAS
2279,,,LAX,SMF
2280,,,DAL,MDW
2281,,,BWI,BOS
2282,,,PDX,LAX
2283,,,LAX,MDW
2284,,,ICT,DFW
2285,,,DFW,ICT
2286,,,DFW,MAF
2287,,,DFW,OMA
2288,,,LBB,DFW
2289,,,MEM,IAH
2290,,,ELP,DFW
2291,,,DFW,DRO
2292,,,OMA,DFW
2293,,,RIC,LGA
2294,,,RDU,DCA
2295,,,RDU,EWR
2296,,,LGA,RIC
2297,,,AUS,DEN
2298,,,BNA,PHL
2299,,,EWR,PWM
2300,,,DCA,RDU
2301,,,RIC,LGA
2302,,,ORD,BIS
2303,,,ROA,ORD
2304,,,BIS,ORD
2305,,,CWA,ORD
2306,,,DCA,DFW
2307,,,DFW,FLL
2308,,,DFW,DCA
2309,,,DCA,DFW
2310,,,DEN,SAF
2311,,,SBN,ORD
2312,,,MLU,DFW
2313,,,ORD,SBN
2314,,,FSD,ORD
2315,,,DFW,LCH
2316,,,LCH,DFW
2317,,,GSO,ORD
2318,,,DCA,GSO
2319,,,CLT,PNS
2320,,,CLT,EWN
2321,,,MOB,CLT
2322,,,GSP,DCA
2323,,,ATL,CLT
2324,,,CLT,PIA
2325,,,PHL,PHF
2326,,,CLT,PGV
2327,,,PHF,PHL
2328,,,CLT,FLO
2329,,,IAH,CLT
2330,,,PIT,EWR
2331,,,ORD,GSO
2332,,,RDU,IND
2333,,,RDU,PHL
2334,,,RDU,PHL
2335,,,PHL,RDU
2336,,,IND,RDU
2337,,,IAH,DFW
2338,,,MIA,DFW
2339,,,STL,DFW
2340,,,DFW,PHL
2341,,,LAX,EGE
2342,,,DFW,EGE
2343,,,EGE,DFW
2344,,,PHX,BOI
2345,,,DFW,PHL
2346,,,PHL,DFW
2347,,,DFW,PHX
2348,,,JAX,DFW
2349,,,LAX,DFW
2350,,,CLT,ATL
2351,,,GUC,DFW
2352,,,MCO,DFW
2353,,,DFW,GEG
2354,,,GEG,DFW
2355,,,GUC,DFW
2356,,,AUS,PHX
2357,,,SEA,DFW
2358,,,DFW,BUF
2359,,,DFW,CLT
2360,,,PHX,CLT
2361,,,PHX,ORD
2362,,,PHX,HNL
2363,,,CLT,PIT
2364,,,SAN,CLT
2365,,,PHX,DFW
2366,,,DFW,FLL
2367,,,ORD,LAX
2368,,,SEA,CLT
2369,,,DFW,CAE
2370,,,CAE,DFW
2371,,,DFW,ABQ
2372,,,MIA,BWI
2373,,,BWI,MIA
2374,,,EGE,LAX
2375,,,OGG,LAX
2376,,,HNL,PHX
2377,,,DFW,CLT
2378,,,PIT,DFW
2379,,,DEN,DFW
2380,,,DFW,ATL
2381,,,DFW,PHL
2382,,,CLT,DEN
2383,,,CLT,SAT
2384,,,SAT,CLT
2385,,,CLT,DFW
2386,,,CLT,DFW
2387,,,TUS,DFW
2388,,,IAH,CLT
2389,,,LGA,DFW
2390,,,FLL,DFW
2391,,,SNA,DFW
2392,,,ATL,MIA
2393,,,DFW,LGA
2394,,,DFW,TUS
2395,,,DFW,RNO
2396,,,FLL,DFW
2397,,,LAX,DFW
2398,,,SAN,ORD
2399,,,STL,DFW
2400,,,ORD,CLT
2401,,,CLT,JAX
2402,,,JAX,CLT
2403,,,DFW,SEA
2404,,,DFW,LAX
2405,,,SFO,CLT
2406,,,SFO,DFW
2407,,,OKC,DFW
2408,,,BOS,MIA
2409,,,LAX,SAT
2410,,,SAT,LAX
2411,,,RIC,CLT
2412,,,CLE,DFW
2413,,,CHS,CLT
2414,,,CLT,ORD
2415,,,CLT,DFW
2416,,,DFW,DEN
2417,,,DEN,DFW
2418,,,MDT,CLT
2419,,,DFW,PHX
2420,,,DFW,CAE
2421,,,CAE,DFW
2422,,,DFW,DSM
2423,,,DSM,DFW
2424,,,EGE,ORD
2425,,,DFW,DEN
2426,,,DEN,DFW
2427,,,SAN,DFW
2428,,,MIA,DFW
2429,,,MIA,PVD
2430,,,MSY,DFW
2431,,,TUS,DFW
2432,,,DFW,PHL
2433,,,MIA,EGE
2434,,,DFW,PHX
2435,,,DTW,DFW
2436,,,DFW,JAX
2437,,,PBI,DFW
2438,,,DFW,FLL
2439,,,DFW,SLC
2440,,,DFW,FAT
2441,,,FAT,DFW
2442,,,ORD,SLC
2443,,,ORD,EGE
2444,,,ICT,DFW
2445,,,DFW,MCO
2446,,,MCO,DFW
2447,,,MIA,BOS
2448,,,LAX,DFW
2449,,,VPS,DFW
2450,,,DFW,VPS
2451,,,VPS,DFW
2452,,,DFW,MEM
2453,,,DFW,IAH
2454,,,LAS,CLT
2455,,,DFW,PDX
2456,,,DFW,EGE
2457,,,SNA,SEA
2458,,,LAX,SFO
2459,,,JNU,ANC
2460,,,KTN,JNU
2461,,,PDX,LAX
2462,,,MOT,DEN
2463,,,IND,ORD
2464,,,HDN,DEN
2465,,,MSN,DEN
2466,,,RAP,DEN
2467,,,DEN,ISN
2468,,,ORD,IND
2469,,,DEN,HDN
2470,,,DEN,MOT
2471,,,LNK,DEN
2472,,,HSV,DEN
2473,,,FSD,DEN
2474,,,EWR,ALB
2475,,,GSO,EWR
2476,,,EWR,MEM
2477,,,EWR,ORF
2478,,,RIC,IAD
2479,,,SYR,EWR
2480,,,CHO,IAD
2481,,,ECP,DFW
2482,,,MOB,IAH
2483,,,ORD,CLE
2484,,,IAH,MCI
2485,,,IAD,ROC
2486,,,IAH,BHM
2487,,,ORD,MEM
2488,,,CLE,ORD
2489,,,EWR,BTV
2490,,,GSP,ORD
2491,,,EWR,RIC
2492,,,IAH,CRP
2493,,,MKE,EWR
2494,,,ORD,ALB
2495,,,CAK,EWR
2496,,,BHM,IAH
2497,,,ROC,IAD
2498,,,MEM,ORD
2499,,,IAH,VPS
2500,,,IAH,HSV
2501,,,MCI,IAH
2502,,,RIC,EWR
2503,,,IAD,RIC
2504,,,IAH,LIT
2505,,,LIT,IAH
2506,,,RIC,ORD
2507,,,IAH,SAV
2508,,,IAH,BHM
2509,,,IAH,LIT
2510,,,ORD,OKC
2511,,,IAH,TUL
2512,,,EWR,BUF
2513,,,ALB,ORD
2514,,,SBN,CLT
2515,,,CLT,ECP
2516,,,LAX,DEN
2517,,,TTN,JAX
2518,,,JAX,TTN
2519,,,TTN,CLT
2520,,,PBI,PHL
2521,,,PHL,PBI
2522,,,TPA,CLT
2523,,,TPA,SYR
2524,,,CLT,TTN
2525,,,SJU,RDU
2526,,,ABQ,MCO
2527,,,ATL,LAX
2528,,,AUS,SLC
2529,,,MCO,ABQ
2530,,,ISP,MCO
2531,,,SYR,TPA
2532,,,CLT,TPA
2533,,,AZA,RAP
2534,,,RAP,AZA
2535,,,RDU,EWR
2536,,,ORD,CLT
2537,,,CMH,DTW
2538,,,EWR,RDU
2539,,,CLT,ORD
2540,,,DRT,DFW
2541,,,DFW,GRK
2542,,,DFW,DRT
2543,,,ABI,DFW
2544,,,LGA,GSO
2545,,,GJT,DFW
2546,,,DTW,LGA
2547,,,ORD,FAR
2548,,,FAR,ORD
2549,,,MFE,DFW
2550,,,SGF,DFW
2551,,,CMI,ORD
2552,,,DFW,GRK
2553,,,GRK,DFW
2554,,,ORD,FSD
2555,,,CLT,SGF
2556,,,GSP,ORD
2557,,,CLT,GSO
2558,,,GSO,CLT
2559,,,ORF,MIA
2560,,,DFW,MAF
2561,,,MAF,DFW
2562,,,EVV,ORD
2563,,,DFW,MFE
2564,,,DFW,FAR
2565,,,RDU,LGA
2566,,,SHV,DFW
2567,,,CLL,DFW
2568,,,FSM,DFW
2569,,,MIA,ORF
2570,,,GJT,DFW
2571,,,XNA,DFW
2572,,,DFW,ATL
2573,,,ATL,BOS
2574,,,DTW,CLT
2575,,,STL,CLT
2576,,,PIT,CLT
2577,,,AGS,CLT
2578,,,GRR,DCA
2579,,,DAY,CLT
2580,,,PHL,ART
2581,,,STL,ORD
2582,,,PHL,HVN
2583,,,AVL,CLT
2584,,,DCA,GRR
2585,,,CLT,IAD
2586,,,CLT,FAY
2587,,,HPN,DCA
2588,,,IND,CLT
2589,,,CLT,IND
2590,,,CLT,OAJ
2591,,,STL,CLT
2592,,,CLT,STL
2593,,,CLT,PIT
2594,,,ASE,LAX
2595,,,ORD,HDN
2596,,,DFW,LRD
2597,,,DFW,ASE
2598,,,LRD,DFW
2599,,,ASE,ORD
2600,,,DFW,MHK
2601,,,DFW,CRP
2602,,,LAX,MFR
2603,,,LAX,ASE
2604,,,DEN,SUN
2605,,,ASE,LAX
2606,,,DFW,JLN
2607,,,CLT,FWA
2608,,,JLN,DFW
2609,,,ASE,DEN
2610,,,JAC,SFO
2611,,,SFO,JAC
2612,,,ASE,SFO
2613,,,ASE,ORD
2614,,,DEN,RIC
2615,,,LAX,SUN
2616,,,SFO,RDD
2617,,,DEN,ASE
2618,,,ORD,DCA
2619,,,ASE,SFO
2620,,,DEN,ASE
2621,,,SFO,SBA
2622,,,LAX,MFR
2623,,,RAP,DEN
2624,,,DEN,ASE
2625,,,SFO,RDM
2626,,,IAH,ASE
2627,,,SFO,EGE
2628,,,ASE,DEN
2629,,,PHL,ORH
2630,,,ORH,PHL
2631,,,PHL,BTV
2632,,,CAE,CLT
2633,,,CLT,CAE
2634,,,PHL,CHS
2635,,,CHS,PHL
2636,,,CLT,ROA
2637,,,EWN,CLT
2638,,,CLT,PGV
2639,,,PHL,SCE
2640,,,CLT,PHF
2641,,,LYH,CLT
2642,,,CLT,PHF
2643,,,PGV,CLT
2644,,,ROA,CLT
2645,,,PHL,PWM
2646,,,PWM,PHL
2647,,,PHL,PVD
2648,,,PVD,PHL
2649,,,PHL,BGR
2650,,,CLT,LYH
2651,,,LYH,CLT
2652,,,CLT,PHF
2653,,,RIC,PHL
2654,,,SEA,ONT
2655,,,PSP,SEA
2656,,,PSC,SEA
2657,,,EGE,EWR
2658,,,MTJ,EWR
2659,,,MIA,IAH
2660,,,IAD,ORF
2661,,,ORF,IAD
2662,,,IAH,MIA
2663,,,TUS,IAH
2664,,,EGE,IAD
2665,,,LBB,DAL
2666,,,CVG,MDW
2667,,,MDW,MSP
2668,,,CLT,BNA
2669,,,CMH,MDW
2670,,,SFO,STL
2671,,,SFO,PHX
2672,,,SLC,DEN
2673,,,RDU,TPA
2674,,,DEN,DAL
2675,,,SAN,OAK
2676,,,RDU,BWI
2677,,,SFO,SAN
2678,,,SMF,PHX
2679,,,SMF,SNA
2680,,,RDU,MDW
2681,,,MDW,LAS
2682,,,PHX,SFO
2683,,,SJC,LAX
2684,,,CMH,MDW
2685,,,HOU,DAL
2686,,,SMF,LAX
2687,,,LBB,DAL
2688,,,MDW,CVG
2689,,,RDU,PHX
2690,,,TPA,BWI
2691,,,SFO,DAL
2692,,,MDW,EWR
2693,,,BWI,BDL
2694,,,SJC,BWI
2695,,,SJC,PDX
2696,,,BOS,MDW
2697,,,LAS,BUR
2698,,,LAX,OAK
2699,,,BUR,HOU
2700,,,SJC,LAX
2701,,,BUR,OAK
2702,,,BWI,TPA
2703,,,OAK,LAX
2704,,,MDW,MCI
2705,,,MDW,GRR
2706,,,LAX,PHX
2707,,,SJC,LAX
2708,,,SEA,OAK
2709,,,PHX,LAX
2710,,,LBB,DEN
2711,,,BWI,MCO
2712,,,LAX,PHX
2713,,,BOS,BWI
2714,,,GRR,MDW
2715,,,MDW,BOS
2716,,,MDW,BWI
2717,,,PIT,MDW
2718,,,MDW,MCO
2719,,,RDU,BNA
2720,,,PIT,MDW
2721,,,MSP,MDW
2722,,,TUS,LAS
2723,,,HOU,MDW
2724,,,MDW,PHL
2725,,,IAH,LIT
2726,,,IAH,MEM
2727,,,TUS,IAH
2728,,,TUL,IAH
2729,,,MFE,IAH
2730,,,IAH,CLE
2731,,,IAH,TUL
2732,,,DFW,BHM
2733,,,BHM,DFW
2734,,,DFW,OKC
2735,,,OKC,DFW
2736,,,MFE,DFW
2737,,,ELP,DFW
2738,,,DFW,OKC
2739,,,OKC,DFW
2740,,,HSV,DFW
2741,,,DFW,LBB
2742,,,DFW,JAN
2743,,,JAN,DFW
2744,,,DFW,MEM
2745,,,MEM,DFW
2746,,,DFW,HOU
2747,,,DFW,LFT
2748,,,COS,DFW
2749,,,DFW,MOB
2750,,,DFW,ILM
2751,,,ILM,DFW
2752,,,DFW,OKC
2753,,,IAH,DSM
2754,,,CLT,SDF
2755,,,IAH,DCA
2756,,,DSM,IAH
2757,,,PIT,ORD
2758,,,CLT,CMH
2759,,,FAR,ORD
2760,,,IAD,ROA
2761,,,MCO,DFW
2762,,,DFW,SAN
2763,,,DFW,SAT
2764,,,DFW,SAN
2765,,,MHT,EWR
2766,,,EWR,ELM
2767,,,IAH,MFE
2768,,,IAH,BHM
2769,,,LGA,ILM
2770,,,DTW,MCO
2771,,,MCO,DTW
2772,,,CLT,STL
2773,,,CLT,CHA
2774,,,GSP,CLT
2775,,,CLT,CLE
2776,,,CLT,LIT
2777,,,GSP,PHL
2778,,,SFO,STL
2779,,,MKE,PHL
2780,,,PHL,MDT
2781,,,GSO,IAD
2782,,,MCO,CLT
2783,,,MCO,DCA
2784,,,MIA,ATL
2785,,,CLT,MSY
2786,,,DFW,MCO
2787,,,ONT,DFW
2788,,,CLT,BUF
2789,,,CLT,JAX
2790,,,CLT,DEN
2791,,,DFW,STL
2792,,,CLT,BNA
2793,,,PHL,MIA
2794,,,CLT,DFW
2795,,,DTW,CLT
2796,,,DFW,PIT
2797,,,ORD,DFW
2798,,,SEA,SFO
2799,,,GSO,ORD
2800,,,DEN,FAR
2801,,,DEN,FAR
2802,,,IAD,ALB
2803,,,IAD,MDT
2804,,,EWR,SYR
2805,,,STL,IAH
2806,,,GRR,IAH
2807,,,ORD,ICT
2808,,,RIC,IAD
2809,,,CLE,DCA
2810,,,LFT,IAH
2811,,,LGA,CLE
2812,,,TUL,IAH
2813,,,EWR,GSP
2814,,,TYS,ORD
2815,,,ORD,CLT
2816,,,ORD,CMI
2817,,,ORD,EVV
2818,,,ORD,AZO
2819,,,RIC,ORD
2820,,,CHO,LGA
2821,,,FAR,DFW
2822,,,ILM,LGA
2823,,,LGA,CHO
2824,,,ORD,GRR
2825,,,LIT,CLT
2826,,,CLT,MOB
2827,,,MOB,CLT
2828,,,CLT,DTW
2829,,,CLT,EWN
2830,,,CLT,CHS
2831,,,CLT,CHA
2832,,,MYR,CLT
2833,,,CLT,SRQ
2834,,,CLT,MYR
2835,,,CHA,CLT
2836,,,CRW,CLT
2837,,,CRW,CLT
2838,,,CLT,ABE
2839,,,GNV,CLT
2840,,,CLT,CHO
2841,,,CLT,LEX
2842,,,LEX,CLT
2843,,,CLT,DAB
2844,,,DAY,CLT
2845,,,CLE,CLT
2846,,,CLT,CLE
2847,,,EWN,CLT
2848,,,CLT,LIT
2849,,,CLT,CHA
2850,,,CLT,HPN
2851,,,HPN,CLT
2852,,,IAH,ASE
2853,,,SBP,SFO
2854,,,SBA,SFO
2855,,,SFO,MSP
2856,,,ORD,TYS
2857,,,IAH,BRO
2858,,,SFO,ABQ
2859,,,BFL,SFO
2860,,,CLT,TYS
2861,,,FLO,CLT
2862,,,CLT,LYH
2863,,,TYS,CLT
2864,,,MDT,PHL
2865,,,CLT,CHO
2866,,,CLT,FLO
2867,,,CAE,PHL
2868,,,BUR,LAS
2869,,,SFO,BUR
2870,,,DAL,HOU
2871,,,DAL,HOU
2872,,,HOU,DAL
2873,,,DEN,BUR
2874,,,BWI,PVD
2875,,,SJC,SNA
2876,,,SNA,OAK
2877,,,GSP,ATL
2878,,,BUR,OAK
2879,,,OAK,BUR
2880,,,LAS,MDW
2881,,,BWI,RDU
2882,,,OAK,LAS
2883,,,SMF,BUR
2884,,,OAK,SAN
2885,,,SAN,SJC
2886,,,PVD,BWI
2887,,,LAX,PDX
2888,,,BUR,SJC
2889,,,LAX,OAK
2890,,,CLT,MDW
2891,,,MEM,BWI
2892,,,ISP,BWI
2893,,,SJC,LAX
2894,,,BUR,SFO
2895,,,MCO,ATL
2896,,,DAL,SJC
2897,,,RIC,ATL
2898,,,LAS,SJC
2899,,,SFO,SAN
2900,,,SFO,SAN
2901,,,SJC,SAN
2902,,,BUR,SJC
2903,,,ABQ,HOU
2904,,,MDW,ABQ
2905,,,RDU,MCO
2906,,,BUR,SMF
2907,,,LAX,MDW
2908,,,SMF,LAX
2909,,,MCO,RDU
2910,,,BUR,LAS
2911,,,SJC,ONT
2912,,,SMF,LAX
2913,,,PHX,SAN
2914,,,SAN,PHX
2915,,,RDU,ATL
2916,,,CLT,BWI
2917,,,DEN,PIT
2918,,,SNA,OAK
2919,,,DFW,SDF
2920,,,SDF,DFW
2921,,,LFT,IAH
2922,,,EWR,DCA
2923,,,CLT,CMH
2924,,,EWR,RDU
2925,,,RDU,EWR
2926,,,CLT,PVD
2927,,,DFW,MSP
2928,,,PHX,SJC
2929,,,CLT,BWI
2930,,,DFW,LGA
2931,,,CMH,DFW
2932,,,ORD,DFW
2933,,,CLT,BNA
2934,,,ATL,CLT
2935,,,IAH,DFW
2936,,,ORD,JAN
2937,,,ECP,DFW
2938,,,JAN,ORD
2939,,,RIC,ORD
2940,,,ORD,AZO
2941,,,ORD,MSN
2942,,,CLT,CHO
2943,,,CLT,CAK
2944,,,ORD,DAY
2945,,,CLT,OMA
2946,,,CLT,GSP
2947,,,PHL,HVN
2948,,,CLT,AVL
2949,,,MHT,CLT
2950,,,CLT,SDF
2951,,,CHS,CLT
2952,,,ILM,CLT
2953,,,SFO,SNA
2954,,,PHX,FLG
2955,,,FLG,PHX
2956,,,LEX,PHL
2957,,,BWI,PHL
2958,,,SYR,PHL
2959,,,PHL,ABE
2960,,,ALB,PHL
2961,,,PHL,BWI
2962,,,DFW,TYS
2963,,,JAN,DFW
2964,,,ABQ,PHX
2965,,,DFW,DRO
2966,,,BUR,PHX
2967,,,IAH,AUS
2968,,,IAH,CLT
2969,,,PHX,LBB
2970,,,PHX,BUR
2971,,,OKC,PHL
2972,,,CMH,CLT
2973,,,IAD,GSO
2974,,,SAT,DFW
2975,,,CLT,SAN
2976,,,CLT,LAS
2977,,,CLT,RIC
2978,,,RIC,CLT
2979,,,MSP,CLT
2980,,,CLT,MSP
2981,,,CLT,RDU
2982,,,CLT,MEM
2983,,,MEM,CLT
2984,,,BOS,DCA
2985,,,BOS,LGA
2986,,,LGA,BOS
2987,,,DCA,BOS
2988,,,LGA,BOS
2989,,,IAH,CLT
2990,,,CLT,IAH
2991,,,ELP,DFW
2992,,,CLT,ILM
2993,,,DEN,CLT
2994,,,PHL,DFW
2995,,,CLT,STL
2996,,,CLT,PVD
2997,,,PVD,CLT
2998,,,CLT,MYR
2999,,,MYR,CLT
3000,,,CLT,DCA
3001,,,RDU,CLT
3002,,,CLT,CHS
3003,,,CHS,CLT
3004,,,BUF,CLT
3005,,,IAH,CLT
3006,,,MDT,CLT
3007,,,CLT,DTW
3008,,,CMH,DFW
3009,,,BWI,CLT
3010,,,FLL,CLT
3011,,,CLT,ORF
3012,,,DTW,CLT
3013,,,CLT,DTW
3014,,,SAT,CLT
3015,,,BOS,LGA
3016,,,LGA,BOS
3017,,,JAX,DFW
3018,,,DEN,MIA
3019,,,SFO,LAX
3020,,,BNA,SFO
3021,,,ANC,OME
3022,,,CDV,ANC
3023,,,PSG,WRG
3024,,,OME,ANC
3025,,,GSP,ORD
3026,,,STL,DCA
3027,,,ORD,RIC
3028,,,ORD,GSP
3029,,,BOS,RDU
3030,,,RDU,BOS
3031,,,RIC,BOS
3032,,,GRR,EWR
3033,,,EWR,GSO
3034,,,EWR,STL
3035,,,MEM,EWR
3036,,,EWR,ALB
3037,,,IAD,GRR
3038,,,GSO,ORD
3039,,,TUL,IAH
3040,,,BHM,IAH
3041,,,DCA,CLE
3042,,,IAH,LFT
3043,,,IAH,LCH
3044,,,ICT,ORD
3045,,,BUF,EWR
3046,,,DCA,EWR
3047,,,IAH,LFT
3048,,,IAH,MOB
3049,,,LIT,IAH
3050,,,LIT,IAH
3051,,,IAH,GRR
3052,,,EWR,BUF
3053,,,ORF,EWR
3054,,,EWR,DCA
3055,,,IAD,IND
3056,,,BTR,IAH
3057,,,EWR,GSO
3058,,,AVL,SFB
3059,,,SFB,AVL
3060,,,RDU,BOS
3061,,,CLT,ORD
3062,,,TPA,RDU
3063,,,RDU,TPA
3064,,,LGA,ILM
3065,,,LGA,PIT
3066,,,RDU,LGA
3067,,,FAR,DFW
3068,,,FNT,ORD
3069,,,XNA,DFW
3070,,,ROW,DFW
3071,,,MSN,ORD
3072,,,DFW,ABI
3073,,,PIT,BOS
3074,,,PHL,LGA
3075,,,GSO,CLT
3076,,,ALB,ORD
3077,,,CLT,SGF
3078,,,CLT,SGF
3079,,,LGA,PIT
3080,,,LGA,SDF
3081,,,SDF,LGA
3082,,,CAK,ORD
3083,,,BOS,PIT
3084,,,BMI,ORD
3085,,,LGA,PHL
3086,,,GSP,ORD
3087,,,ORD,GSP
3088,,,FLL,AVL
3089,,,MCO,GSO
3090,,,GSO,MCO
3091,,,AVL,MCO
3092,,,BNA,DCA
3093,,,DCA,SYR
3094,,,SYR,DCA
3095,,,CLT,SRQ
3096,,,ROC,DCA
3097,,,CLT,IAD
3098,,,CLT,GPT
3099,,,RDU,DCA
3100,,,CVG,CLT
3101,,,CLT,CVG
3102,,,SAV,CLT
3103,,,DCA,GSP
3104,,,GSP,DCA
3105,,,DCA,ROC
3106,,,ROC,DCA
3107,,,CLT,BTV
3108,,,CLT,TLH
3109,,,SDF,CLT
3110,,,CLT,BHM
3111,,,OKC,CLT
3112,,,CLT,ORF
3113,,,CLT,CAK
3114,,,CLT,CAE
3115,,,TOL,CLT
3116,,,LEX,CLT
3117,,,ILM,CLT
3118,,,CLT,JAN
3119,,,JAN,CLT
3120,,,CLT,GNV
3121,,,RDU,DCA
3122,,,CLT,OKC
3123,,,CLT,IAD
3124,,,CHA,CLT
3125,,,ORD,BDL
3126,,,BDL,ORD
3127,,,PHL,ORF
3128,,,ORF,PHL
3129,,,LIT,CLT
3130,,,CLE,CLT
3131,,,CLT,TOL
3132,,,CLT,GSP
3133,,,BHM,CLT
3134,,,CLT,ILM
3135,,,CLT,CAE
3136,,,CLT,AVL
3137,,,AVL,CLT
3138,,,CLT,SAV
3139,,,FAY,CLT
3140,,,CLT,FAY
3141,,,SHV,CLT
3142,,,TLH,CLT
3143,,,CLT,OAJ
3144,,,FAY,CLT
3145,,,IAD,CLT
3146,,,CLT,XNA
3147,,,MOB,CLT
3148,,,XNA,CLT
3149,,,CLT,SHV
3150,,,CLT,DSM
3151,,,MKE,CLT
3152,,,CLT,CID
3153,,,CLT,MKE
3154,,,DCA,HPN
3155,,,HPN,DCA
3156,,,CLT,PNS
3157,,,PNS,CLT
3158,,,FSD,ORD
3159,,,ORD,RST
3160,,,RST,ORD
3161,,,LAW,DFW
3162,,,SDF,ORD
3163,,,TYS,CLT
3164,,,DFW,LAW
3165,,,ORD,FSD
3166,,,RIC,LGA
3167,,,MKG,ORD
3168,,,ORD,MBS
3169,,,MBS,ORD
3170,,,RIC,DEN
3171,,,SFO,ONT
3172,,,LAX,SFO
3173,,,PSP,SFO
3174,,,GSO,LGA
3175,,,SFO,BUR
3176,,,LAX,SFO
3177,,,IAH,GSP
3178,,,PHX,SFO
3179,,,SFO,SMF
3180,,,SFO,RDD
3181,,,GRR,ORD
3182,,,BUR,SFO
3183,,,SGF,IAH
3184,,,SFO,RDD
3185,,,GSP,IAH
3186,,,PHL,CAE
3187,,,BWI,PHL
3188,,,PHF,PHL
3189,,,PHL,MDT
3190,,,PHL,ALB
3191,,,ALB,PHL
3192,,,PHL,PHF
3193,,,PHL,ALB
3194,,,CLT,GSO
3195,,,GSO,CLT
3196,,,PHL,ROA
3197,,,CLT,ROA
3198,,,CLT,AGS
3199,,,AGS,CLT
3200,,,CLT,CHA
3201,,,CHA,CLT
3202,,,PHF,CLT
3203,,,PHL,DTW
3204,,,DTW,PHL
3205,,,SWF,PHL
3206,,,PHL,IPT
3207,,,SEA,EAT
3208,,,PDX,EUG
3209,,,DCA,ORD
3210,,,LAS,BUR
3211,,,HOU,DAL
3212,,,DEN,LAS
3213,,,SFO,LAX
3214,,,BUR,LAS
3215,,,RDU,TPA
3216,,,MDW,EWR
3217,,,DAL,HOU
3218,,,LAX,SFO
3219,,,RDU,BWI
3220,,,GSP,IAD
3221,,,AMA,DFW
3222,,,ICT,DFW
3223,,,TYS,DFW
3224,,,DFW,AMA
3225,,,IAH,CVG
3226,,,LBB,PHX
3227,,,HRL,IAH
3228,,,IAH,DFW
3229,,,CLT,IAH
3230,,,LIT,IAH
3231,,,JAN,DFW
3232,,,CLE,EWR
3233,,,DTW,EWR
3234,,,EWR,GRR
3235,,,DEN,CLT
3236,,,DCA,LGA
3237,,,CMH,CLT
3238,,,CLT,IND
3239,,,SDF,CLT
3240,,,LGA,RDU
3241,,,RDU,LGA
3242,,,XNA,EWR
3243,,,LGA,RIC
3244,,,CMH,CLT
3245,,,CMH,CLT
3246,,,CLT,CMH
3247,,,DCA,SDF
3248,,,CLT,IND
3249,,,RIC,BOS
3250,,,IAD,GSO
3251,,,MSY,DFW
3252,,,DFW,SAV
3253,,,CLT,PHX
3254,,,MCO,CLT
3255,,,DCA,ORD
3256,,,ATL,PHX
3257,,,CLT,DFW
3258,,,DFW,PHX
3259,,,PVD,CLT
3260,,,PBI,CLT
3261,,,DFW,CMH
3262,,,DFW,ATL
3263,,,SAV,DFW
3264,,,DFW,MSY
3265,,,DFW,LGA
3266,,,DFW,DCA
3267,,,PHX,HNL
3268,,,MSY,DFW
3269,,,DTW,DFW
3270,,,DFW,RDU
3271,,,DFW,SFO
3272,,,CLT,DEN
3273,,,ORD,DCA
3274,,,EWR,CLT
3275,,,DFW,SFO
3276,,,DFW,TUL
3277,,,CLT,EWR
3278,,,EWR,CLT
3279,,,DFW,FLL
3280,,,SAN,DFW
3281,,,CLT,DCA
3282,,,CLT,MCO
3283,,,CLT,DCA
3284,,,ORF,CLT
3285,,,TUL,CLT
3286,,,CLT,MCO
3287,,,CLT,ORD
3288,,,CLT,PBI
3289,,,CLT,SFO
3290,,,DCA,ORD
3291,,,DFW,DTW
3292,,,PDX,DFW
3293,,,DFW,LAS
3294,,,IAD,DFW
3295,,,DFW,DTW
3296,,,MIA,PHL
3297,,,DFW,JFK
3298,,,MIA,DFW
3299,,,CLT,TPA
3300,,,TPA,CLT
3301,,,MSP,CLT
3302,,,CLT,MSP
3303,,,DFW,ONT
3304,,,LAX,DFW
3305,,,BOS,LAX
3306,,,SFO,LAS
3307,,,PDX,LAX
3308,,,LAS,SFO
3309,,,SFO,LAS
3310,,,PDX,SJC
3311,,,SFO,EWR
3312,,,LAS,LAX
3313,,,LAX,BOS
3314,,,SIT,JNU
3315,,,ANC,JNU
3316,,,EWR,SFO
3317,,,SFO,LAS
3318,,,DEN,RAP
3319,,,RAP,DEN
3320,,,SAF,DEN
3321,,,FAR,DEN
3322,,,DIK,DEN
3323,,,PQI,EWR
3324,,,EWR,ALB
3325,,,JHM,HNL
3326,,,HNL,JHM
3327,,,JHM,HNL
3328,,,EWR,DCA
3329,,,IAH,LBB
3330,,,CLE,LGA
3331,,,CLT,SBN
3332,,,IAH,BTR
3333,,,DCA,CLE
3334,,,DFW,ECP
3335,,,ECP,CLT
3336,,,PHL,MCO
3337,,,RDU,ORD
3338,,,ORD,RDU
3339,,,AZO,ORD
3340,,,TLH,DFW
3341,,,TYR,DFW
3342,,,JFK,RDU
3343,,,JFK,ORF
3344,,,SGF,DFW
3345,,,ORD,DBQ
3346,,,DBQ,ORD
3347,,,FAR,ORD
3348,,,DFW,SJT
3349,,,LAN,ORD
3350,,,ORD,FAR
3351,,,CMH,JFK
3352,,,TXK,DFW
3353,,,GRR,ORD
3354,,,DFW,SHV
3355,,,LEX,DFW
3356,,,GSO,DFW
3357,,,BWI,JFK
3358,,,SHV,DFW
3359,,,MCO,RIC
3360,,,RIC,FLL
3361,,,MSN,CLT
3362,,,VPS,CLT
3363,,,CLT,SAV
3364,,,CVG,CLT
3365,,,AVP,CLT
3366,,,CLT,IAD
3367,,,CLT,AVL
3368,,,AVL,CLT
3369,,,CLT,GNV
3370,,,GSP,CLT
3371,,,CLT,JAN
3372,,,ABE,CLT
3373,,,CLT,AVP
3374,,,OAJ,CLT
3375,,,XNA,CLT
3376,,,PIA,CLT
3377,,,CVG,CLT
3378,,,OKC,CLT
3379,,,MYR,CLT
3380,,,CLT,SDF
3381,,,CAK,CLT
3382,,,TLH,CLT
3383,,,CLT,PVD
3384,,,PVD,CLT
3385,,,CLT,OKC
3386,,,PNS,CLT
3387,,,CLT,DAY
3388,,,RIC,CLT
3389,,,SHV,CLT
3390,,,CLT,DSM
3391,,,CLT,CID
3392,,,CLT,CRW
3393,,,CLT,TOL
3394,,,HSV,CLT
3395,,,DAY,CLT
3396,,,CHS,CLT
3397,,,CLT,DAY
3398,,,CLT,EVV
3399,,,CAE,CLT
3400,,,GNV,CLT
3401,,,CLT,HPN
3402,,,HPN,CLT
3403,,,CID,CLT
3404,,,IAD,CLT
3405,,,CLT,GSP
3406,,,CLT,DAY
3407,,,CLT,BTR
3408,,,GSP,PHL
3409,,,CLT,MSN
3410,,,CAK,CLT
3411,,,CLT,VPS
3412,,,MKE,CLT
3413,,,CLT,OMA
3414,,,SDF,CLT
3415,,,SAV,CLT
3416,,,GPT,CLT
3417,,,AVL,CLT
3418,,,CLT,HSV
3419,,,HSV,CLT
3420,,,CLT,SHV
3421,,,BHM,CLT
3422,,,CLT,AVL
3423,,,CLT,GRR
3424,,,CLT,HSV
3425,,,CLT,TLH
3426,,,CLT,HSV
3427,,,HSV,CLT
3428,,,CLT,BHM
3429,,,CLT,BTV
3430,,,OMA,CLT
3431,,,CLT,CAK
3432,,,CLT,MHT
3433,,,CLT,MYR
3434,,,ORF,CLT
3435,,,CLT,PNS
3436,,,CLT,PIA
3437,,,FWA,CLT
3438,,,SFO,ABQ
3439,,,CHO,ORD
3440,,,MKE,ORD
3441,,,FLG,PHX
3442,,,CLT,FWA
3443,,,FWA,CLT
3444,,,BTR,CLT
3445,,,CLT,BTR
3446,,,SAF,DFW
3447,,,ASE,DFW
3448,,,SFO,DAL
3449,,,ORD,AVL
3450,,,MBS,ORD
3451,,,ORD,AVL
3452,,,ORD,MBS
3453,,,SFO,BOI
3454,,,SFO,RNO
3455,,,SFO,GEG
3456,,,SFO,PSP
3457,,,DEN,ASE
3458,,,DAL,SFO
3459,,,CMX,ORD
3460,,,SNA,SFO
3461,,,GEG,SFO
3462,,,MSP,ABR
3463,,,ABR,MSP
3464,,,MSP,MQT
3465,,,ORD,CMX
3466,,,AVL,ORD
3467,,,SFO,EUG
3468,,,BZN,SFO
3469,,,SFO,BUR
3470,,,FAT,SFO
3471,,,PSC,SFO
3472,,,SFO,SBA
3473,,,SBP,SFO
3474,,,BOI,SFO
3475,,,MSN,SFO
3476,,,SFO,RDM
3477,,,ASE,IAH
3478,,,EUG,SFO
3479,,,SFO,RDM
3480,,,SFO,BUR
3481,,,SFO,FAT
3482,,,SFO,RDD
3483,,,SFO,PSP
3484,,,SFO,SLC
3485,,,RIC,PHL
3486,,,PHL,RIC
3487,,,RIC,PHL
3488,,,SBY,CLT
3489,,,MDT,PHL
3490,,,PHL,BWI
3491,,,BWI,PHL
3492,,,PHL,MHT
3493,,,MHT,PHL
3494,,,BTV,PHL
3495,,,PHL,SYR
3496,,,PHF,PHL
3497,,,ROA,CLT
3498,,,ISP,PHL
3499,,,ROA,PHL
3500,,,CLT,SBY
3501,,,CLT,EWN
3502,,,EWN,CLT
3503,,,RDM,SEA
3504,,,SEA,GEG
3505,,,BOI,PDX
3506,,,SEA,RDM
3507,,,GEG,SEA
3508,,,SEA,PSC
3509,,,MFR,SEA
3510,,,ALW,SEA
3511,,,GSP,IAH
3512,,,AUS,IAH
3513,,,CLT,IAD
3514,,,CVG,IAH
3515,,,IAD,DFW
3516,,,EVV,DFW
3517,,,DFW,MOB
3518,,,MOB,DFW
3519,,,DFW,HOU
3520,,,IAH,PHX
3521,,,STS,PHX
3522,,,CHA,DFW
3523,,,MTJ,DFW
3524,,,MAF,DFW
3525,,,MOB,DFW
3526,,,SDF,DFW
3527,,,AMA,DFW
3528,,,IAD,CLT
3529,,,DFW,HOU
3530,,,MLI,DFW
3531,,,IND,CLT
3532,,,IAH,RDU
3533,,,PHL,GSO
3534,,,PHL,OKC
3535,,,ORD,FAR
3536,,,ORD,CHO
3537,,,GSO,IAD
3538,,,ROC,ORD
3539,,,RDU,PHL
3540,,,PIT,LGA
3541,,,JAX,LGA
3542,,,LGA,STL
3543,,,PHF,ATL
3544,,,BUF,JFK
3545,,,RIC,LGA
3546,,,GRB,MSP
3547,,,RIC,DTW
3548,,,DTW,RIC
3549,,,PIT,LGA
3550,,,JFK,BUF
3551,,,MSP,GRB
3552,,,CHO,ATL
3553,,,ATL,PHF
3554,,,LGA,PIT
3555,,,DFW,CLE
3556,,,CLT,MSY
3557,,,TPA,CLT
3558,,,ORD,ATL
3559,,,BOS,CLT
3560,,,SFO,CLT
3561,,,MSY,CLT
3562,,,MYR,CLT
3563,,,SNA,DFW
3564,,,RIC,CLT
3565,,,DFW,MSY
3566,,,CLT,BOS
3567,,,LAS,SFO
3568,,,BOS,CLT
3569,,,CLT,BOS
3570,,,RIC,ATL
3571,,,RDU,ATL
3572,,,IND,ORD
3573,,,IAH,HRL
3574,,,ORD,GRB
3575,,,PIA,ORD
3576,,,GRB,ORD
3577,,,MOB,IAH
3578,,,ALB,MCO
3579,,,FLL,AVL
3580,,,RDU,DCA
3581,,,DTW,SDF
3582,,,RDU,CLE
3583,,,DCA,RDU
3584,,,BNA,RDU
3585,,,EWR,RDU
3586,,,CHA,ORD
3587,,,ILM,LGA
3588,,,ABQ,ORD
3589,,,IAD,CLT
3590,,,CHS,CLT
3591,,,CLE,CLT
3592,,,CLT,CLE
3593,,,ORD,FNT
3594,,,ATL,ROA
3595,,,SBY,CLT
3596,,,ABQ,PDX
3597,,,ABQ,SAN
3598,,,SEA,ABQ
3599,,,DCA,ATL
3600,,,SJC,LAX
3601,,,GRR,IAH
3602,,,IAH,GRR
3603,,,CLT,ROC
3604,,,SJU,CLT
3605,,,IND,CLT
3606,,,CLT,IND
3607,,,SYR,CLT
3608,,,PIT,CLT
3609,,,DFW,BWI
3610,,,OMA,DFW
3611,,,CLT,PHX
3612,,,EWR,CLT
3613,,,CLT,BOS
3614,,,BOS,CLT
3615,,,BOS,RDU
3616,,,ATL,GSP
3617,,,IAH,LIT
3618,,,ORD,BDL
3619,,,AVL,FLL
3620,,,RDU,EWR
3621,,,ORD,ROA
3622,,,LGA,RDU
3623,,,DAY,CLT
3624,,,CRW,CLT
3625,,,SDF,CLT
3626,,,DCA,RDU
3627,,,DEN,MOT
3628,,,LGA,ORD
3629,,,GRB,ORD
3630,,,ORD,RIC
3631,,,DAL,HOU
3632,,,DEN,RDU
3633,,,IAH,SDF
3634,,,SDF,IAH
3635,,,IAH,DFW
3636,,,CLT,TLH
3637,,,TLH,CLT
3638,,,IAH,ICT
3639,,,CMH,EWR
3640,,,ROC,CLT
3641,,,FAR,ORD
3642,,,STL,LGA
3643,,,CHO,ATL
3644,,,PHL,RDU
3645,,,LGA,JAX
3646,,,ATL,CHO
3647,,,CHO,ATL
3648,,,ATL,CHO
3649,,,BWI,DFW
3650,,,JFK,BOS
3651,,,CLT,MIA
3652,,,CLT,PHL
3653,,,CLT,DFW
3654,,,LAS,PHL
3655,,,PHX,ORD
3656,,,CLT,MYR
3657,,,CLT,ORD
3658,,,CMH,PHX
3659,,,CLT,ORD
3660,,,PVD,PHL
3661,,,PHX,CLT
3662,,,AUS,CLT
3663,,,LGA,CLT
3664,,,CLT,IAH
3665,,,MSY,CLT
3666,,,CLT,DEN
3667,,,PHX,CLT
3668,,,CLT,ORF
3669,,,CLT,MCO
3670,,,CLT,PHX
3671,,,LIH,PHX
3672,,,DFW,PHL
3673,,,CLT,DFW
3674,,,CLT,SAT
3675,,,SAT,CLT
3676,,,CHS,CLT
3677,,,CLT,DFW
3678,,,PHL,BTV
3679,,,RSW,DFW
3680,,,CLT,MIA
3681,,,CLT,MIA
3682,,,ORD,CLT
3683,,,CLT,DCA
3684,,,ALB,CLT
3685,,,MCI,ORD
3686,,,KOA,PHX
3687,,,PHL,CLT
3688,,,CLT,SLC
3689,,,PHL,CLT
3690,,,DFW,CLT
3691,,,MDT,CLT
3692,,,CLT,MDT
3693,,,CLT,ORF
3694,,,ORF,CLT
3695,,,MSP,CLT
3696,,,CLT,PHL
3697,,,ORF,CLT
3698,,,PDX,CLT
3699,,,ILM,CLT
3700,,,CLT,TPA
3701,,,CLT,CHS
3702,,,CLT,SJU
3703,,,DFW,CLT
3704,,,CLT,BNA
3705,,,PHL,MCO
3706,,,SLC,PHX
3707,,,CLT,EWR
3708,,,RDU,ORD
3709,,,ORD,MCI
3710,,,CLT,DFW
3711,,,PHL,CLT
3712,,,BTV,PHL
3713,,,MEM,CLT
3714,,,MEM,CLT
3715,,,STL,CLT
3716,,,MCO,CLT
3717,,,BOS,CLT
3718,,,DEN,CLT
3719,,,AUS,CLT
3720,,,MEM,DFW
3721,,,CLT,PHL
3722,,,PBI,CLT
3723,,,TPA,CLT
3724,,,CLT,SAT
3725,,,PHX,SLC
3726,,,LAX,CLT
3727,,,DFW,CLT
3728,,,CLT,DFW
3729,,,MIA,CLT
3730,,,CLT,ORD
3731,,,ORD,CLT
3732,,,ORD,RDU
3733,,,SNA,DFW
3734,,,MIA,RDU
3735,,,RDU,MIA
3736,,,CLT,MIA
3737,,,DCA,PHL
3738,,,CLT,MCO
3739,,,DFW,OMA
3740,,,ORD,SDF
3741,,,GSO,ORD
3742,,,BIS,DEN
3743,,,ICT,ORD
3744,,,SDF,ORD
3745,,,JFK,IAD
3746,,,RDU,BOS
3747,,,EWR,JAX
3748,,,MDT,IAD
3749,,,IAD,MDT
3750,,,EWR,AVL
3751,,,SBN,EWR
3752,,,MDT,IAD
3753,,,DTW,RDU
3754,,,ATL,RDU
3755,,,ATL,RIC
3756,,,RDU,MCO
3757,,,GSP,ATL
3758,,,RDU,MSP
3759,,,GSO,ATL
3760,,,RIC,ATL
3761,,,MCO,RDU
3762,,,DFW,GRI
3763,,,SBN,CLT
3764,,,BTR,DFW
3765,,,ORD,CMH
3766,,,BTV,EWR
3767,,,ORD,PIA
3768,,,BDL,ORD
3769,,,TUL,ORD
3770,,,ORD,GSO
3771,,,PIA,ORD
3772,,,PVD,EWR
3773,,,ROC,EWR
3774,,,ORD,RIC
3775,,,EWR,MSN
3776,,,EWR,PVD
3777,,,ORD,CMH
3778,,,IND,EWR
3779,,,LBB,IAH
3780,,,CMH,ORD
3781,,,FSD,ORD
3782,,,BGR,EWR
3783,,,ORD,ROC
3784,,,RIC,IAD
3785,,,BTR,IAH
3786,,,BGR,EWR
3787,,,BTR,DFW
3788,,,DFW,MLU
3789,,,DFW,BTR
3790,,,PHX,CVG
3791,,,CVG,PHX
3792,,,PHL,TPA
3793,,,TPA,ORD
3794,,,TPA,PHL
3795,,,JAX,LAS
3796,,,ATL,SFO
3797,,,FLL,TTN
3798,,,PIE,USA
3799,,,LAS,FAR
3800,,,FAR,LAS
3801,,,USA,PIE
3802,,,ORD,RIC
3803,,,RIC,ORD
3804,,,DAY,ORD
3805,,,RDU,LGA
3806,,,SGF,CLT
3807,,,ORD,IND
3808,,,ORD,COU
3809,,,COU,ORD
3810,,,JFK,RDU
3811,,,JFK,PIT
3812,,,ORD,ALB
3813,,,TOL,ORD
3814,,,PIT,JFK
3815,,,ORD,SDF
3816,,,SDF,ORD
3817,,,ORD,FWA
3818,,,FWA,ORD
3819,,,CLT,EWN
3820,,,EWN,CLT
3821,,,MEM,ORD
3822,,,CLT,HTS
3823,,,HTS,CLT
3824,,,JFK,IND
3825,,,CMI,ORD
3826,,,CVG,DFW
3827,,,ORD,RIC
3828,,,TVC,ORD
3829,,,RIC,ORD
3830,,,ATL,DFW
3831,,,GSP,CLT
3832,,,CLT,SDF
3833,,,CLT,GSP
3834,,,CLT,CVG
3835,,,CVG,CLT
3836,,,OAJ,CLT
3837,,,RDU,PIT
3838,,,PIT,RDU
3839,,,TYS,CLT
3840,,,CLT,SRQ
3841,,,JAN,CLT
3842,,,CLT,CRW
3843,,,CLT,MKE
3844,,,CHS,CLT
3845,,,CLT,LEX
3846,,,CLE,DCA
3847,,,DCA,RDU
3848,,,RDU,DCA
3849,,,CLT,BHM
3850,,,FAY,CLT
3851,,,GSP,PHL
3852,,,CLT,GRR
3853,,,BDL,DCA
3854,,,XNA,ORD
3855,,,LEX,CLT
3856,,,CLT,MYR
3857,,,XNA,ORD
3858,,,FAY,CLT
3859,,,CLT,CLE
3860,,,AGS,CLT
3861,,,CLT,IND
3862,,,CLT,AVL
3863,,,AVL,CLT
3864,,,PHL,ALB
3865,,,ALB,PHL
3866,,,CLT,FWA
3867,,,DFW,LAW
3868,,,JLN,DFW
3869,,,GSO,LGA
3870,,,CLT,MKE
3871,,,CLT,TYS
3872,,,DTW,ERI
3873,,,ROA,ATL
3874,,,RIC,JFK
3875,,,DTW,GSO
3876,,,DTW,ALB
3877,,,ALB,DTW
3878,,,ATL,ROA
3879,,,LGA,GSO
3880,,,DTW,LAN
3881,,,LAN,DTW
3882,,,ATL,ROA
3883,,,ROA,ATL
3884,,,DTW,GSP
3885,,,GSP,DTW
3886,,,LGA,RIC
3887,,,LGA,GSO
3888,,,RIC,MSP
3889,,,MSP,RIC
3890,,,RIC,MSP
3891,,,DTW,GSO
3892,,,MOT,MSP
3893,,,MOT,DEN
3894,,,SFO,OMA
3895,,,GRR,ORD
3896,,,ORD,GRR
3897,,,SFO,ONT
3898,,,JFK,RIC
3899,,,GSO,LGA
3900,,,GFK,MSP
3901,,,MSP,GFK
3902,,,GFK,MSP
3903,,,MSP,RST
3904,,,RST,MSP
3905,,,GSO,DTW
3906,,,GSO,LGA
3907,,,MOT,MSP
3908,,,RIC,LGA
3909,,,RIC,DTW
3910,,,GSP,DTW
3911,,,ATL,CRW
3912,,,DEN,MOT
3913,,,MFR,SFO
3914,,,ASE,LAX
3915,,,SFO,SMF
3916,,,SAN,LAX
3917,,,SMF,SFO
3918,,,SMF,SFO
3919,,,SFO,BFL
3920,,,FSD,DEN
3921,,,LAX,SFO
3922,,,ABQ,SFO
3923,,,LAX,SFO
3924,,,DEN,CLT
3925,,,SNA,SFO
3926,,,SFO,SEA
3927,,,SFO,RNO
3928,,,PHL,ORH
3929,,,PHL,ORH
3930,,,PHL,CHS
3931,,,TRI,CLT
3932,,,ART,PHL
3933,,,ROC,PHL
3934,,,ORH,PHL
3935,,,ORH,PHL
3936,,,CLT,TRI
3937,,,PHL,ART
3938,,,CLT,AGS
3939,,,AGS,CLT
3940,,,CLT,LYH
3941,,,PHL,ART
3942,,,ORD,RDU
3943,,,IND,DEN
3944,,,SFO,MFR
3945,,,DEN,LGA
3946,,,MAF,DFW
3947,,,LBB,DFW
3948,,,RIC,IAH
3949,,,IAD,ORF
3950,,,DFW,LBB
3951,,,IAH,RIC
3952,,,DFW,LBB
3953,,,IAH,BTR
3954,,,IAH,SLC
3955,,,SLC,IAH
3956,,,IAH,ABQ
3957,,,ORF,IAD
3958,,,PHL,BUF
3959,,,GSP,EWR
3960,,,EWR,CLT
3961,,,GRR,ORD
3962,,,ORD,GSP
3963,,,EWR,CVG
3964,,,PVD,EWR
3965,,,EWR,DCA
3966,,,LGA,DCA
3967,,,DCA,RDU
3968,,,RDU,DCA
3969,,,CLT,CMH
3970,,,ROC,CLT
3971,,,LGA,DCA
3972,,,IND,CLT
3973,,,MIA,RIC
3974,,,PHL,GRR
3975,,,GRR,PHL
3976,,,RIC,MIA
3977,,,PHL,RDU
3978,,,RDU,PHL
3979,,,RDU,LGA
3980,,,CLT,LGA
3981,,,LGA,RDU
3982,,,LGA,RDU
3983,,,JFK,CMH
3984,,,BOS,RIC
3985,,,SAV,JFK
3986,,,RDU,LGA
3987,,,LGA,CLT
3988,,,ORD,RST
3989,,,ROA,IAD
3990,,,JAN,ORD
3991,,,IAD,CHO
3992,,,CHO,IAD
3993,,,ORD,RST
3994,,,PIA,ORD
3995,,,ORD,MKE
3996,,,RST,ORD
3997,,,RDU,JFK
3998,,,DFW,JFK
3999,,,MSP,GRR
4000,,,JFK,RIC
4001,,,JFK,RDU
4002,,,GRR,MSP
4003,,,JFK,DFW
4004,,,RIC,DTW
4005,,,SEA,DFW
4006,,,BOS,DCA
4007,,,DCA,BOS
4008,,,MKE,DFW
4009,,,BOS,DCA
4010,,,DTW,DFW
4011,,,CLT,MDT
4012,,,BWI,CLT
4013,,,BOS,DCA
4014,,,DCA,PIT
4015,,,SEA,EUG
4016,,,EUG,SEA
4017,,,ATL,RIC
4018,,,OKC,ORD
4019,,,IAH,LIT
4020,,,EWR,ROC
4021,,,IAH,LFT
4022,,,PIE,AVL
4023,,,AZA,FAR
4024,,,FAR,AZA
4025,,,AVL,PIE
4026,,,TPA,RDU
4027,,,RDU,TPA
4028,,,LGA,CLE
4029,,,RIC,LGA
4030,,,DFW,HOU
4031,,,GGG,DFW
4032,,,DAY,DFW
4033,,,ACT,DFW
4034,,,HOU,DFW
4035,,,TXK,DFW
4036,,,FLL,DEN
4037,,,GSO,CLT
4038,,,HPN,DCA
4039,,,CAK,CLT
4040,,,CHA,CLT
4041,,,LGA,CMH
4042,,,CLT,TLH
4043,,,CLT,GSO
4044,,,CLT,XNA
4045,,,CLT,GSP
4046,,,AVP,CLT
4047,,,DCA,BNA
4048,,,CMH,CLT
4049,,,CLT,OAJ
4050,,,MEM,CLT
4051,,,ORD,SBN
4052,,,LAW,DFW
4053,,,GFK,MSP
4054,,,CLT,PHF
4055,,,CLT,CHA
4056,,,CLT,TRI
4057,,,STT,EWR
4058,,,LAS,OAK
4059,,,MOB,DFW
4060,,,BTR,IAH
4061,,,HSV,DFW
4062,,,CMH,DCA
4063,,,CLT,CAE
4064,,,CLT,SDF
4065,,,CLT,OMA
4066,,,JAX,CLT
4067,,,OMA,CLT
4068,,,BNA,LGA
4069,,,CLT,JAX
4070,,,LGA,BNA
4071,,,ORD,PIA
4072,,,DFW,IND
4073,,,CLT,BOS
4074,,,JAX,DFW
4075,,,DFW,AUS
4076,,,CLE,DFW
4077,,,CLT,SYR
4078,,,PHL,BOS
4079,,,OKC,DFW
4080,,,DCA,BOS
4081,,,BDL,DFW
4082,,,PHX,JFK
4083,,,PSP,PDX
4084,,,FAI,SCC
4085,,,ANC,FAI
4086,,,SCC,ANC
4087,,,BGR,DCA
4088,,,DEN,LNK
4089,,,MFR,SEA
4090,,,RDU,ATL
4091,,,GSP,ATL
4092,,,GSO,EWR
4093,,,EWR,BTV
4094,,,PWM,MCO
4095,,,MCO,DTW
4096,,,DTW,MCO
4097,,,ORF,LGA
4098,,,PNS,DFW
4099,,,PWM,LGA
4100,,,DFW,LIT
4101,,,LIT,DFW
4102,,,LGA,PWM
4103,,,DFW,PNS
4104,,,CLT,DAY
4105,,,ORF,CLT
4106,,,CLT,MEM
4107,,,DSM,CLT
4108,,,ALB,DCA
4109,,,SDF,CLT
4110,,,CHA,CLT
4111,,,DTW,RIC
4112,,,MSP,BNA
4113,,,DEN,LAR
4114,,,ATL,ROA
4115,,,CLT,LYH
4116,,,MAF,DFW
4117,,,LGA,IAD
4118,,,IAD,LGA
4119,,,RDU,LGA
,,,,
 SOURCE: Bureau of Transportation Statistics Airline Service Quality Performance Reports,,,,
